,id_starname,gdir_srad,gdir_srad_err1,gdir_srad_err2,giso_smass,giso_smass_err2,giso_smass_err1,giso_srad,giso_srad_err1,giso_srad_err2,giso_srho,giso_srho_err1,giso_srho_err2,giso_sage,giso_sage_err1,giso_sage_err2,giso2_sparallax,giso2_sparallax_err1,giso2_sparallax_err2
0,CK00082,0.736747746626,0.035104483208,-0.0328557987473,,,,,,,,,,,,,9.14038783802,0.504539776438,-0.753180112002
1,CK00104,0.772034453595,0.0251138179025,-0.0241022879858,,,,,,,,,,,,,5.70869017191,0.233778321619,-0.230718072183
2,CK00144,0.795713618534,0.0385387709985,-0.0361202128382,,,,,,,,,,,,,3.47694181285,0.19120320132,-0.274683086638
3,CK00153,0.762216302538,0.0384249166916,-0.0359534162925,,,,,,,,,,,,,4.10207197666,0.213719533775,-0.250183991279
4,CK00161,0.800347257169,0.0387343847466,-0.0363138476332,,,,,,,,,,,,,3.79346670058,0.202192390385,-0.32364526655
5,CK00174,0.793963408053,0.0392971953605,-0.0367734677451,,,,,,,,,,,,,3.90281012084,0.1980200321,-0.225536163965
6,CK00189,0.770178933667,0.0381561061963,-0.0358267522485,,,,,,,,,,,,,2.38499657451,0.133244908821,-0.181726254511
7,CK00197,0.74819303129,0.035577014879,-0.033389353499,,,,,,,,,,,,,2.66877630398,0.152380041489,-0.254411926195
8,CK00222,0.718750061622,0.0252530863761,-0.0242142745126,,,,,,,,,,,,,2.76523987239,0.11525136005,-0.118497176532
9,CK00241,0.74455379342,0.0352014722749,-0.0330942539619,,,,,,,,,,,,,2.77069875931,0.137695705488,-0.180371998916
10,CK00247,0.58193987728,0.0178481919846,-0.0178258571515,,,,,,,,,,,,,7.5209629623,0.697993841322,-0.725795591349
11,CK00248,0.619049729563,0.0192277076372,-0.0192187167898,,,,,,,,,,,,,3.81339405703,0.305684307461,-0.303328740191
12,CK00251,0.543376361141,0.0166725196813,-0.0166722606228,,,,,,,,,,,,,6.46311425731,0.67957534184,-0.67001892775
13,CK00254,0.617662309649,0.0202989663762,-0.0202405565473,,,,,,,,,,,,,2.80435986852,0.225966454959,-0.219293468047
14,CK00305,0.760941280465,0.0380020471158,-0.0355712988553,,,,,,,,,,,,,5.0837300512,0.259604943482,-0.318410378624
15,CK00309,0.722371783238,0.0236413701076,-0.0226295991283,,,,,,,,,,,,,6.40779382579,0.270123862147,-0.273733695145
16,CK00314,0.538616021843,0.0161928503976,-0.0162365689814,,,,,,,,,,,,,18.2154990146,1.94442731898,-2.01912930491
17,CK00315,0.68737830987,0.0330990065418,-0.0310247198351,,,,,,,,,,,,,5.34502851885,0.25832172669,-0.331334342905
18,CK00338,0.797060252029,0.0379680256679,-0.0356547152695,,,,,,,,,,,,,3.44554940909,0.18878554129,-0.320588853428
19,CK00345,0.738927277081,0.0354577057533,-0.0332419550327,,,,,,,,,,,,,3.92739907809,0.215863228524,-0.345033433272
20,CK00348,0.718668250409,0.0357724899511,-0.0334669004761,,,,,,,,,,,,,3.29944139333,0.167847957379,-0.211678620917
21,CK00387,0.698543607465,0.0351686088698,-0.0328494768748,,,,,,,,,,,,,4.56115889428,0.254555093509,-0.264737495574
22,CK00420,0.770976137482,0.0382947754886,-0.0359713099921,,,,,,,,,,,,,2.79974480779,0.150905520046,-0.190973699889
23,CK00430,0.638358186986,0.0231428361786,-0.0221772899005,,,,,,,,,,,,,3.54087609287,0.224411970168,-0.211908343128
24,CK00446,0.649218114171,0.0335577302512,-0.0312996161141,,,,,,,,,,,,,3.46936519669,0.207762721178,-0.198789272701
25,CK00455,0.834659424694,0.0290426546164,-0.0277175672604,,,,,,,,,,,,,4.86048471575,0.296758367039,-0.279825096528
26,CK00476,0.73242165261,0.0366206657979,-0.0345190640419,,,,,,,,,,,,,2.00039986989,0.0967662504791,-0.124651456313
27,CK00490,0.752499525116,0.0371695508302,-0.0348085686287,,,,,,,,,,,,,3.13541219013,0.16742473555,-0.206066149346
28,CK00494,0.707380726195,0.0363229320481,-0.0341631775941,,,,,,,,,,,,,2.11190084673,0.103576457365,-0.123106576515
29,CK00496,0.797045567794,0.0364148583569,-0.0344519933665,,,,,,,,,,,,,1.74587820066,0.114691254956,-0.178501727394
30,CK00500,0.699248751571,0.0239774070568,-0.0230363487293,,,,,,,,,,,,,2.82552593744,0.114875582664,-0.123235029446
31,CK00503,0.626338837589,0.0233650996846,-0.0222995843275,,,,,,,,,,,,,3.39514577582,0.206367450589,-0.206008339445
32,CK00520,0.795078308962,0.0379273426412,-0.035666613443,,,,,,,,,,,,,1.89481354589,0.109101117001,-0.16412123139
33,CK00569,0.722508602374,0.0336720858158,-0.0316936295881,,,,,,,,,,,,,2.20498245632,0.118262838905,-0.198464236527
34,CK00571,0.541413190126,0.0165424348906,-0.0165446033501,,,,,,,,,,,,,6.85428106725,0.726942300291,-0.734284704867
35,CK00574,0.754844316377,0.0362006118833,-0.0340203192545,,,,,,,,,,,,,1.71878756957,0.10340217998,-0.168540249681
36,CK00596,0.541203705048,0.0167423498867,-0.016714155114,,,,,,,,,,,,,7.60344067013,0.904987946025,-0.873952166656
37,CK00610,0.671105764284,0.0243569090337,-0.0232569658764,,,,,,,,,,,,,3.80119573105,0.224469606696,-0.212122245203
38,CK00657,0.69140757906,0.0343679992941,-0.0321846367713,,,,,,,,,,,,,3.68081926562,0.192026355784,-0.219238787877
39,CK00676,0.685591144894,0.0230810653788,-0.0221062288453,,,,,,,,,,,,,4.39064297761,0.194518277895,-0.191467295109
40,CK00736,0.703910978509,0.0315455503667,-0.0299639473888,,,,,,,,,,,,,2.03260833293,0.114832734373,-0.111291244772
41,CK00739,0.671662062911,0.0213687103968,-0.0213687463664,,,,,,,,,,,,,2.790204925,0.174639706227,-0.166145149029
42,CK00740,0.785751138232,0.0423041779592,-0.0397391138758,,,,,,,,,,,,,1.52611454834,0.079193703486,-0.101351926243
43,CK00746,0.738393449424,0.0394198200154,-0.0369625402623,,,,,,,,,,,,,2.18020657637,0.12359031356,-0.123746944408
44,CK00747,0.668337310409,0.0287819843933,-0.0273735577299,,,,,,,,,,,,,2.23086671142,0.129967126311,-0.124668418195
45,CK00750,0.925468274792,0.0516138721364,-0.0483913405525,,,,,,,,,,,,,1.57776505274,0.089774825804,-0.141599489565
46,CK00775,0.61645719461,0.0230840523213,-0.0220392088002,,,,,,,,,,,,,3.32591904926,0.215305331323,-0.208735914784
47,CK00778,0.6480034119,0.024429657534,-0.0233496004328,,,,,,,,,,,,,3.42220968733,0.225676366399,-0.22603074153
48,CK00781,0.569289924884,0.0179944584266,-0.0179880189343,,,,,,,,,,,,,3.66257284044,0.322924702394,-0.322601769702
49,CK00811,0.726058074861,0.0386047884121,-0.0362555338958,,,,,,,,,,,,,1.53761013277,0.0832222241324,-0.132081749329
50,CK00817,0.610006249133,0.0189063796882,-0.0188897087607,,,,,,,,,,,,,3.87896462564,0.325565373352,-0.31784839778
51,CK00818,0.569375084289,0.0181089717274,-0.0181128538792,,,,,,,,,,,,,4.18687162633,0.3792262347,-0.417240784224
52,CK00825,0.775767006332,0.0411123172834,-0.0386875151162,,,,,,,,,,,,,1.59522235633,0.0875485377835,-0.120167547003
53,CK00837,0.77271373099,0.0444618454848,-0.0415355451948,,,,,,,,,,,,,1.41192606477,0.076290818806,-0.0959191944427
54,CK00842,0.839846233987,0.0749003096472,-0.0665043662309,,,,,,,,,,,,,1.97004207238,0.10624669451,-0.114321643522
55,CK00870,0.652711691652,0.0342766028963,-0.0321079330216,,,,,,,,,,,,,2.14431108748,0.120035461707,-0.122260418953
56,CK00874,0.762656737235,0.0377969791481,-0.0356861788475,,,,,,,,,,,,,1.47928276085,0.0819502499287,-0.124196075217
57,CK00875,0.744241335735,0.0310989309626,-0.0297008517896,,,,,,,,,,,,,1.88272276365,0.0734793651074,-0.0726174504203
58,CK00878,0.784580754815,0.0412010674561,-0.0387668869345,,,,,,,,,,,,,1.81998697561,0.0956560612156,-0.117291661176
59,CK00899,0.511197273849,0.0158409012698,-0.0157956547253,,,,,,,,,,,,,6.35944781371,0.739404289595,-0.718773771379
60,CK00901,0.677318747653,0.0275612095797,-0.0261948793273,,,,,,,,,,,,,2.12230967923,0.127593932967,-0.117586114643
61,CK00912,0.661365147553,0.023006477518,-0.0220390328397,,,,,,,,,,,,,2.69224021385,0.124082148184,-0.119271840146
62,CK00950,0.54486605546,0.017496375698,-0.01753542976,,,,,,,,,,,,,3.85455095338,0.402085608093,-0.379455402218
63,CK00951,0.755282606087,0.0390930119853,-0.0366115290165,,,,,,,,,,,,,1.80470235644,0.0966349881049,-0.123209150638
64,CK00956,0.702333044051,0.0263030346504,-0.025130393736,,,,,,,,,,,,,2.12454831993,0.0911608409123,-0.0947085792579
65,CK00958,0.708897892693,0.0336915387626,-0.031652751146,,,,,,,,,,,,,5.68463028229,0.32242348879,-0.473936758431
66,CK00982,0.661685413321,0.026911678835,-0.0256453706431,,,,,,,,,,,,,2.27216990368,0.114284699516,-0.115180130169
67,CK01006,0.587997128096,0.0190694750568,-0.0190702023926,,,,,,,,,,,,,3.36029538879,0.283316558524,-0.274553155281
68,CK01024,0.64444909333,0.0230185663631,-0.0220409723519,,,,,,,,,,,,,3.97554834879,0.236885617526,-0.227745357005
69,CK01026,0.603466312948,0.0185451418808,-0.0184715992994,,,,,,,,,,,,,5.4322230509,0.477719227118,-0.480811552104
70,CK01048,0.610860694526,0.0222630822885,-0.0212882308742,,,,,,,,,,,,,3.37208740138,0.222368573414,-0.218658821909
71,CK01076,0.836884150126,0.0448635630657,-0.042176198381,,,,,,,,,,,,,2.02867522443,0.100311923675,-0.132351879239
72,CK01082,0.839161747671,0.051867604857,-0.0483355632473,,,,,,,,,,,,,1.14535235745,0.066809412776,-0.10803338043
73,CK01085,0.548641431688,0.016685897317,-0.0166668800718,,,,,,,,,,,,,5.5770291119,0.696511588079,-0.648756667806
74,CK01101,0.781063945162,0.0441558015796,-0.0413294205197,,,,,,,,,,,,,1.32827467209,0.0754610553713,-0.124093747629
75,CK01104,0.833726433061,0.0524873194127,-0.0485750983823,,,,,,,,,,,,,1.49505096325,0.0791287717627,-0.0984546030308
76,CK01108,1.1204723886,0.0531535553247,-0.0503023288609,,,,,,,,,,,,,1.19097556368,0.124458434603,-0.320709177057
77,CK01141,0.636690949505,0.0204242613813,-0.0202592763619,,,,,,,,,,,,,2.64714315708,0.19520091419,-0.187435148567
78,CK01174,0.604394286921,0.021058176316,-0.020083975529,,,,,,,,,,,,,7.7486832072,0.48181588355,-0.522626918883
79,CK01194,0.616117142248,0.0267084513901,-0.0254234660185,,,,,,,,,,,,,2.02580012752,0.113488860726,-0.10235406597
80,CK01199,0.714707274259,0.0371196838767,-0.0348093238411,,,,,,,,,,,,,2.03309953202,0.108034617395,-0.135023050187
81,CK01202,0.682057221442,0.0287833312013,-0.0273907102483,,,,,,,,,,,,,2.24238377946,0.137823616365,-0.135667389574
82,CK01219,0.786904280871,0.0374512361062,-0.0353445892392,,,,,,,,,,,,,1.99886829163,0.112886687545,-0.176421795845
83,CK01225,0.870651220973,0.0398788920691,-0.0376618940513,,,,,,,,,,,,,2.83149351548,0.176907700456,-0.172694752593
84,CK01266,0.669377996987,0.0241575406489,-0.0231334625768,,,,,,,,,,,,,2.44198992036,0.125163801131,-0.119196357291
85,CK01331,0.736766515519,0.0392920990656,-0.0368903989173,,,,,,,,,,,,,1.78784678112,0.0966173376717,-0.120651293934
86,CK01361,0.665741637638,0.0255609371498,-0.0244866323299,,,,,,,,,,,,,3.2227493347,0.193573769684,-0.177817359843
87,CK01390,0.917739181966,0.0411748169723,-0.0389824384721,,,,,,,,,,,,,2.05182389541,0.0909626736855,-0.0849543535148
88,CK01393,0.634556526696,0.0206568613368,-0.02065776295,,,,,,,,,,,,,2.9795675687,0.248973572289,-0.228310378851
89,CK01403,0.671087588648,0.0246395791363,-0.0236467840087,,,,,,,,,,,,,2.16623474724,0.102372961073,-0.0951982133612
90,CK01404,0.685972442904,0.0312717698189,-0.0295952975994,,,,,,,,,,,,,1.72453914227,0.0842465416044,-0.0802774160889
91,CK01427,0.62174188102,0.0211106373725,-0.021059858052,,,,,,,,,,,,,2.7032970638,0.196673788175,-0.191005129251
92,CK01428,0.689944863689,0.0348524023677,-0.0326630410882,,,,,,,,,,,,,2.34454368833,0.124486631054,-0.154131999795
93,CK01434,0.758701293117,0.0384277549381,-0.0360130190633,,,,,,,,,,,,,2.05797338727,0.104494287257,-0.131641103646
94,CK01459,0.81756789953,0.0323940335625,-0.0310586020251,,,,,,,,,,,,,2.54442099039,0.150051452724,-0.141754713951
95,CK01461,1.0053177604,0.0743539478396,-0.0678651054075,,,,,,,,,,,,,1.39439492392,0.0776031003861,-0.0971123373769
96,CK01480,0.705149473203,0.043907323054,-0.0408697476072,,,,,,,,,,,,,1.23036874024,0.0697143161985,-0.0932657803268
97,CK01484,0.859607109177,0.0613743130756,-0.0575744272412,,,,,,,,,,,,,1.79480797822,0.0991085132176,-0.129267954078
98,CK01494,0.792575651106,0.0386461309266,-0.0364866682891,,,,,,,,,,,,,1.73367889593,0.0810492519858,-0.076933930082
99,CK01501,0.685637608713,0.0396049461409,-0.0370569810212,,,,,,,,,,,,,1.82449676327,0.112412202271,-0.104083133546
100,CK01510,0.650675511177,0.0396034556361,-0.0368933658423,,,,,,,,,,,,,1.24730494894,0.0655550994528,-0.0780084609675
101,CK01514,0.604600981931,0.0219742557277,-0.0209896464723,,,,,,,,,,,,,3.18064488824,0.199234422968,-0.214416007612
102,CK01552,0.745554865463,0.0421090478532,-0.0395214472755,,,,,,,,,,,,,1.34686395337,0.0706186397413,-0.0930331184563
103,CK01557,0.665047121738,0.0347183192045,-0.0325624425492,,,,,,,,,,,,,2.14982616158,0.111604220416,-0.138216578363
104,CK01567,0.768514041993,0.0425919769241,-0.039963906618,,,,,,,,,,,,,1.38931324764,0.0786277450981,-0.12120379365
105,CK01569,0.64279230952,0.0370920566602,-0.0346093513292,,,,,,,,,,,,,1.83424652366,0.104413227031,-0.0993548422452
106,CK01584,0.634713861935,0.0259660078493,-0.0247533641045,,,,,,,,,,,,,2.29363932823,0.148385768428,-0.145109652028
107,CK01586,0.724358419197,0.0370309823982,-0.0347658428531,,,,,,,,,,,,,2.09574221744,0.107630677791,-0.130559077631
108,CK01588,0.612960754024,0.022250685439,-0.0212692048304,,,,,,,,,,,,,4.62155019903,0.327337463652,-0.320268816794
109,CK01631,0.627588457338,0.0541206545024,-0.0481346652614,,,,,,,,,,,,,1.09765510218,0.0756649721444,-0.148552751005
110,CK01649,0.602807601869,0.018628543825,-0.0185836363623,,,,,,,,,,,,,4.86876031776,0.40577442014,-0.392559429267
111,CK01672,0.70048180947,0.0307704349915,-0.0292111286302,,,,,,,,,,,,,1.69394887705,0.0701202202769,-0.0755919918275
112,CK01687,0.685103055523,0.0365047629741,-0.0342395797797,,,,,,,,,,,,,2.04970004897,0.110594100179,-0.120628264843
113,CK01711,0.774922950618,0.0388121597956,-0.0365523587842,,,,,,,,,,,,,1.67726466378,0.0925296927841,-0.154305129353
114,CK01713,0.66684496337,0.0242785696334,-0.0232204567708,,,,,,,,,,,,,2.90264171979,0.171926391106,-0.168089584619
115,CK01716,0.721271299653,0.0361695841714,-0.0339911779637,,,,,,,,,,,,,2.10642866633,0.112209453267,-0.142089647945
116,CK01726,0.758778103181,0.0373727208299,-0.0349664336509,,,,,,,,,,,,,4.88601753122,0.247982428011,-0.310027217016
117,CK01731,0.0,0.0,-0.0,,,,,,,,,,,,,1.53628883023,0.0779937528176,-0.0976310511063
118,CK01780,0.921233904168,0.0511726212253,-0.047997689831,,,,,,,,,,,,,1.44650580346,0.0802152584051,-0.127447347436
119,CK01788,0.694638910391,0.0348027605942,-0.0325956506597,,,,,,,,,,,,,2.52668357839,0.134495675206,-0.167201384184
120,CK01795,1.13124548499,0.100598618611,-0.0885275316792,,,,,,,,,,,,,2.38367837898,0.118282953976,-0.112374538205
121,CK01797,0.72960975708,0.0343186064146,-0.032220832137,,,,,,,,,,,,,4.27438746292,0.244565296749,-0.384055999442
122,CK01803,0.723623761265,0.0341422629073,-0.0321000272499,,,,,,,,,,,,,3.95055990006,0.222569636797,-0.363437615627
123,CK01804,0.828026922415,0.0460478974134,-0.0432094886654,,,,,,,,,,,,,1.28113512231,0.0716017520097,-0.114848954252
124,CK01815,0.695659513923,0.0342538527797,-0.0320798927419,,,,,,,,,,,,,3.40045578693,0.173642823211,-0.217818775136
125,CK01833,0.669382308405,0.0232486068432,-0.0223616655276,,,,,,,,,,,,,3.48981825367,0.153276821778,-0.15257298853
126,CK01838,0.641494710992,0.0222926021102,-0.0213694231711,,,,,,,,,,,,,2.94750080478,0.130384276239,-0.129544750451
127,CK01843,0.541303448584,0.0164798810361,-0.0164681293573,,,,,,,,,,,,,8.89884997444,0.875684713329,-0.917592531235
128,CK01845,0.811967852144,0.0415113663881,-0.0387595524106,,,,,,,,,,,,,2.662980481,0.138806576948,-0.161660667878
129,CK01867,0.602135646098,0.0185945008539,-0.0185513935452,,,,,,,,,,,,,4.8081247438,0.424552655562,-0.408485209972
130,CK01868,0.626289121159,0.0191921686681,-0.0191722335718,,,,,,,,,,,,,4.14670487552,0.321274584673,-0.340174839987
131,CK01874,0.713145867513,0.0271951592182,-0.0260589347741,,,,,,,,,,,,,2.83956756316,0.152387019761,-0.142713986523
132,CK01877,0.725762760861,0.0348269980838,-0.0326876613856,,,,,,,,,,,,,3.78373777669,0.212845950617,-0.323465587551
133,CK01879,0.585211942089,0.018897686079,-0.0189150025366,,,,,,,,,,,,,3.03872593382,0.250021812526,-0.227849954078
134,CK01880,0.592786370766,0.0179020554843,-0.0179108521662,,,,,,,,,,,,,6.42955027055,0.580878906146,-0.614113897894
135,CK01891,0.78427369253,0.0403140685001,-0.0380478725424,,,,,,,,,,,,,1.38185169074,0.0775158197696,-0.120879722675
136,CK01895,0.662563758527,0.027872566266,-0.0265468775912,,,,,,,,,,,,,1.72656403335,0.0709343598537,-0.0759157468295
137,CK01902,0.655127083327,0.0202350298321,-0.0201982220424,,,,,,,,,,,,,7.17538262034,0.758236937213,-0.736690413319
138,CK01904,0.740830133608,0.0338770961402,-0.0318544220795,,,,,,,,,,,,,3.45004543801,0.203566477728,-0.335321202167
139,CK01905,0.693252893959,0.0327978952796,-0.0307443997837,,,,,,,,,,,,,2.86437085027,0.163569724357,-0.232762362774
140,CK01907,0.682469362645,0.0230226785716,-0.022860765001,,,,,,,,,,,,,3.62749216234,0.276850931107,-0.264722236867
141,CK01908,0.67173270945,0.0240837168932,-0.0230791877936,,,,,,,,,,,,,3.39899247609,0.182527715721,-0.178014645053
142,CK01934,0.683602451041,0.0353894401054,-0.0330418199955,,,,,,,,,,,,,2.67299107553,0.151760879462,-0.150069754502
143,CK01937,0.668825371408,0.0227669581169,-0.0218116024744,,,,,,,,,,,,,5.45823758905,0.283327447997,-0.265353297556
144,CK01940,0.63678419601,0.0239785385013,-0.0229685663933,,,,,,,,,,,,,2.62052216379,0.159795588164,-0.147550539346
145,CK01951,1.27599604851,0.0640081939074,-0.0601116667246,,,,,,,,,,,,,1.59248022406,0.18513936828,-0.415753558283
146,CK01959,0.682892602578,0.0336317194368,-0.0315465219171,,,,,,,,,,,,,2.84421390177,0.158475998298,-0.198187376023
147,CK01967,0.689179009007,0.033868609738,-0.0317380626683,,,,,,,,,,,,,2.86487677686,0.141135619329,-0.176920493907
148,CK01973,0.77431587903,0.0589807697337,-0.0537939578372,,,,,,,,,,,,,1.7319541985,0.0954822609384,-0.102586520742
149,CK01977,0.951092203922,0.0569080252753,-0.0524149678718,,,,,,,,,,,,,4.01871771863,0.177054838801,-0.177885014418
150,CK01985,0.743452892438,0.035163957383,-0.0329994084288,,,,,,,,,,,,,3.29845916804,0.185406145628,-0.288604886193
151,CK01988,0.712930626313,0.0362303754413,-0.033884054786,,,,,,,,,,,,,3.27702980088,0.173575858338,-0.195846112568
152,CK02005,0.944436630923,0.0489108828172,-0.0457611116991,,,,,,,,,,,,,2.49514425826,0.139584035418,-0.144598432405
153,CK02006,0.580600215769,0.0174883276174,-0.0174896391664,,,,,,,,,,,,,7.52526212224,0.722757127621,-0.66920498987
154,CK02013,0.649311250607,0.0226463931594,-0.0216707403602,,,,,,,,,,,,,7.43496899915,0.464437741657,-0.436595901502
155,CK02031,0.730644874457,0.0258944917665,-0.0248105102731,,,,,,,,,,,,,2.75074411873,0.118583641292,-0.11991758259
156,CK02036,0.626749853761,0.0199813809311,-0.0199843347606,,,,,,,,,,,,,3.12308931975,0.248617640355,-0.243681804794
157,CK02045,0.689653806521,0.0263334747878,-0.0251285764519,,,,,,,,,,,,,1.96531107559,0.0897512089984,-0.085030351498
158,CK02057,0.589507178539,0.0181874078376,-0.0181726739792,,,,,,,,,,,,,4.99039950077,0.476536890167,-0.442962509391
159,CK02058,0.586249012286,0.0188861322596,-0.0187556350263,,,,,,,,,,,,,4.05907121843,0.346788827015,-0.354870469387
160,CK02059,0.0,0.0,-0.0,,,,,,,,,,,,,5.09481411629,0.293448632293,-0.4399647829
161,CK02073,0.713186777481,0.0378407392428,-0.0356507819572,,,,,,,,,,,,,1.39044479806,0.0785725394009,-0.128149560506
162,CK02078,0.657855502638,0.0256972542857,-0.0245853788481,,,,,,,,,,,,,2.18756553493,0.10063346093,-0.102955704136
163,CK02090,0.561430331997,0.0178215265146,-0.0178070294007,,,,,,,,,,,,,4.17172169816,0.368985440361,-0.384941416441
164,CK02124,0.84065577632,0.0352135394294,-0.0335417030858,,,,,,,,,,,,,5.05527540681,0.325544965837,-0.324028271828
165,CK02126,0.704335333563,0.0406172461454,-0.037956758315,,,,,,,,,,,,,1.46597624268,0.0767300520855,-0.0922046464985
166,CK02130,0.645184608196,0.020885350857,-0.0208848915245,,,,,,,,,,,,,2.92817043907,0.215285528715,-0.205066969632
167,CK02146,0.722048145666,0.0369355275552,-0.0347054601881,,,,,,,,,,,,,1.58990440212,0.0881404087361,-0.122524463163
168,CK02173,0.708060916792,0.034518224523,-0.0323182187451,,,,,,,,,,,,,5.12017624596,0.279461656598,-0.355786461891
169,CK02191,0.600210315186,0.0184382303424,-0.0184230160211,,,,,,,,,,,,,4.74286951898,0.400050504381,-0.368824268485
170,CK02205,0.73726534919,0.0388113663176,-0.0364455014576,,,,,,,,,,,,,1.67145288508,0.0904564288867,-0.103436363423
171,CK02210,0.676121549771,0.0342122721072,-0.0321897160487,,,,,,,,,,,,,1.73483076769,0.0986494711469,-0.134350975929
172,CK02214,0.719024130043,0.0414695789634,-0.0388865072967,,,,,,,,,,,,,1.45860417196,0.0771190437619,-0.087661446777
173,CK02219,0.750860546876,0.0356289163793,-0.0334648079276,,,,,,,,,,,,,2.34429731875,0.133685999055,-0.214514351974
174,CK02225,0.696390811777,0.0352310429858,-0.0329235294392,,,,,,,,,,,,,2.7468163282,0.143276436451,-0.167775141145
175,CK02238,0.602415181716,0.0182222250505,-0.0182066952306,,,,,,,,,,,,,5.57884381381,0.477133413491,-0.48298603241
176,CK02247,0.716631308105,0.0246273048576,-0.0236413542881,,,,,,,,,,,,,3.0742303919,0.127707855973,-0.136933505136
177,CK02256,0.686403496613,0.0371256194067,-0.0347939072986,,,,,,,,,,,,,1.78145744827,0.0944353916528,-0.105360592272
178,CK02266,0.774111612313,0.0472222104798,-0.0440324691234,,,,,,,,,,,,,1.37140070138,0.0730761783506,-0.090104526111
179,CK02306,0.65411669592,0.0197811987698,-0.0197671157322,,,,,,,,,,,,,4.42384130681,0.337422470463,-0.314637146217
180,CK02318,0.642601849966,0.0328088357066,-0.0306978110385,,,,,,,,,,,,,2.84832163088,0.15306148452,-0.16635607501
181,CK02329,0.59877882767,0.0188711131713,-0.0188387055686,,,,,,,,,,,,,3.71764768171,0.34055590992,-0.354565637933
182,CK02336,0.675229190514,0.0236955050641,-0.0227253489388,,,,,,,,,,,,,2.80883845567,0.123843700678,-0.123544536979
183,CK02344,0.728722587435,0.0302610398917,-0.0288606855237,,,,,,,,,,,,,1.80760276917,0.0722567467556,-0.0701475407036
184,CK02347,0.700523078187,0.0216952384748,-0.0216944727931,,,,,,,,,,,,,3.53570442636,0.199483410386,-0.185830729695
185,CK02355,0.69077473924,0.0430591544402,-0.0401197392813,,,,,,,,,,,,,1.25459461647,0.0671165193893,-0.0855097933007
186,CK02401,0.952764271696,0.0332572498908,-0.0319668482957,,,,,,,,,,,,,2.51421822728,0.107577684643,-0.116019435002
187,CK02402,0.78203981204,0.0405081578136,-0.0379091737864,,,,,,,,,,,,,2.41515587007,0.131253925766,-0.139306121204
188,CK02413,0.0,0.0,-0.0,,,,,,,,,,,,,2.65306353469,0.121020127859,-0.115071081908
189,CK02460,0.699491280576,0.0382372665531,-0.0357889322432,,,,,,,,,,,,,2.78008230337,0.173072835283,-0.159949431357
190,CK02480,0.650218129545,0.0249849383286,-0.0239372533871,,,,,,,,,,,,,2.51580184512,0.154211081283,-0.15002103828
191,CK02485,0.681491796942,0.0354422715782,-0.0333684706713,,,,,,,,,,,,,1.61020667935,0.0893183016795,-0.119027456705
192,CK02490,0.695556661424,0.0399801809719,-0.037427732699,,,,,,,,,,,,,1.40846012961,0.0753645460896,-0.0935556203841
193,CK02497,0.717056729967,0.0403970375463,-0.0376294836385,,,,,,,,,,,,,1.31547097674,0.0743121231118,-0.119207001976
194,CK02502,0.802207554742,0.0420610751104,-0.0395307993398,,,,,,,,,,,,,1.84345481854,0.104607703441,-0.155045543519
195,CK02503,0.778945723394,0.0378934957966,-0.0355431391265,,,,,,,,,,,,,2.7926850776,0.153624198696,-0.21948692035
196,CK02519,0.697319428054,0.0240742346768,-0.0231093279173,,,,,,,,,,,,,3.1182363021,0.131008163934,-0.130617738702
197,CK02520,0.695311271116,0.0384098155722,-0.0360693449338,,,,,,,,,,,,,1.81027990801,0.0983566322468,-0.106702784911
198,CK02522,0.777472662844,0.037733319734,-0.0353423682408,,,,,,,,,,,,,3.33756962009,0.178544124571,-0.282303651695
199,CK02525,0.675052107792,0.0377179771582,-0.0353240113756,,,,,,,,,,,,,1.55101751085,0.0825438511208,-0.0946822774575
200,CK02527,0.665773101893,0.0226561334036,-0.0216861709969,,,,,,,,,,,,,4.20748165144,0.219859115209,-0.200320753756
201,CK02531,0.699693057364,0.0376388614826,-0.0353380010337,,,,,,,,,,,,,1.67350329438,0.0874281433776,-0.108634821013
202,CK02535,0.777726925345,0.0395104469819,-0.0372317488523,,,,,,,,,,,,,1.81888376142,0.101825743094,-0.172165637256
203,CK02540,0.780199058659,0.0338035330365,-0.0321747230146,,,,,,,,,,,,,1.6935863154,0.0697080518369,-0.0710869280065
204,CK02543,0.871969472459,0.049448987861,-0.0462552031994,,,,,,,,,,,,,1.36000120825,0.0786192863702,-0.131365387966
205,CK02553,0.755474158527,0.045077917322,-0.0420204715305,,,,,,,,,,,,,1.13443809268,0.0640466586118,-0.0965990208841
206,CK02554,0.0,0.0,-0.0,,,,,,,,,,,,,2.04361994156,0.0891040326636,-0.0903967200694
207,CK02560,0.708269507216,0.0382543780297,-0.0359011045945,,,,,,,,,,,,,1.81634520758,0.0895169818542,-0.103172399583
208,CK02570,0.539653101065,0.0168528026455,-0.0168139244269,,,,,,,,,,,,,4.34776081542,0.456414128308,-0.447997143654
209,CK02588,0.667701320934,0.025587999884,-0.0244770231146,,,,,,,,,,,,,2.59000662496,0.154095498769,-0.143205213109
210,CK02604,0.689611460723,0.0354176896335,-0.0332836923615,,,,,,,,,,,,,1.77188508186,0.0942012479943,-0.116844454973
211,CK02644,0.580459483241,0.0299040112388,-0.0279771430029,,,,,,,,,,,,,2.21350275396,0.117601833002,-0.132455538589
212,CK02686,0.695215413133,0.0349774951664,-0.0327050511352,,,,,,,,,,,,,3.66687264972,0.203767461294,-0.212807981709
213,CK02691,0.689548275251,0.0361875063206,-0.0338961507767,,,,,,,,,,,,,2.14081760448,0.111735439422,-0.128051210595
214,CK02693,0.66540122858,0.022403551885,-0.0214860958478,,,,,,,,,,,,,6.00505352305,0.300604499639,-0.28377891289
215,CK02694,0.730036458451,0.0390058202288,-0.036560615699,,,,,,,,,,,,,2.15217266165,0.11715384319,-0.122269971187
216,CK02708,0.621073856251,0.0369698838763,-0.0343865853593,,,,,,,,,,,,,1.39161517364,0.0758974739197,-0.0816823330788
217,CK02713,0.653167173447,0.0335240022723,-0.0314770498291,,,,,,,,,,,,,2.05139969157,0.108419164246,-0.131183967229
218,CK02719,0.680564939204,0.0360546141751,-0.0337282116556,,,,,,,,,,,,,2.02615210819,0.11099759652,-0.116478551619
219,CK02736,0.644869581052,0.0281212320864,-0.0267438101515,,,,,,,,,,,,,1.67396444201,0.0729261080325,-0.0735186036823
220,CK02742,0.623409898155,0.0226889628747,-0.0217554901416,,,,,,,,,,,,,3.36098855579,0.211122192773,-0.202776435259
221,CK02751,0.707485226214,0.0291715272836,-0.0277795200728,,,,,,,,,,,,,1.83111420625,0.0835235814758,-0.0817135692539
222,CK02759,0.713709568431,0.0353008692013,-0.0331753639341,,,,,,,,,,,,,2.53759993707,0.141227671882,-0.181489848378
223,CK02760,0.0,0.0,-0.0,,,,,,,,,,,,,2.37569544374,0.129545117,-0.137433874038
224,CK02763,0.712337902662,0.0375612498236,-0.0352555248539,,,,,,,,,,,,,1.74593152994,0.0901877073885,-0.10821926563
225,CK02764,0.622197990463,0.0197204364265,-0.0197007095053,,,,,,,,,,,,,3.09627359813,0.24675508662,-0.249419867585
226,CK02783,0.653609227035,0.0239846809454,-0.0229245266549,,,,,,,,,,,,,4.33182197656,0.302637145812,-0.291754374965
227,CK02806,0.720627793295,0.0384499079788,-0.0360576963084,,,,,,,,,,,,,1.67731096776,0.0883849158627,-0.109395474293
228,CK02834,0.70324600083,0.0406103705291,-0.0380015117519,,,,,,,,,,,,,1.36022233771,0.0698238825752,-0.0864524113004
229,CK02835,0.669108752282,0.0277752060081,-0.0264611367233,,,,,,,,,,,,,1.72788488268,0.0797735585434,-0.0748154654351
230,CK02836,0.709401935253,0.0371707695941,-0.0348530254433,,,,,,,,,,,,,1.87032492768,0.0983779649223,-0.121053689528
231,CK02839,0.674996259104,0.0223720432626,-0.0222332346801,,,,,,,,,,,,,2.88048041218,0.22542704119,-0.229476751075
232,CK02845,0.671246449489,0.0211186876604,-0.0211019551281,,,,,,,,,,,,,2.68612838729,0.166892543886,-0.156035187786
233,CK02847,0.841131860306,0.0472255378793,-0.0441512720107,,,,,,,,,,,,,1.6971476216,0.0894825900376,-0.103102945517
234,CK02858,0.734130436798,0.041105354387,-0.0386411773255,,,,,,,,,,,,,1.45179780489,0.0783476243495,-0.0975931148761
235,CK02883,0.617463582709,0.0269448775582,-0.0256372902827,,,,,,,,,,,,,2.14339485268,0.130769198965,-0.131984036606
236,CK02901,0.671012122766,0.0243854347929,-0.0233529170562,,,,,,,,,,,,,2.82882574568,0.129485959401,-0.132359506779
237,CK02902,0.741857845176,0.0380919926897,-0.0357259636036,,,,,,,,,,,,,2.03021366303,0.100049230722,-0.117184321376
238,CK02957,0.735787516092,0.036566373861,-0.0342847909153,,,,,,,,,,,,,2.70454664279,0.134471669455,-0.159170639618
239,CK02983,0.521481406322,0.0163350097048,-0.0163185174515,,,,,,,,,,,,,6.21350126401,0.935257780437,-0.856717903485
240,CK03049,0.0,0.0,-0.0,,,,,,,,,,,,,1.95149158329,0.108359730132,-0.139789391431
241,CK03068,0.681096878276,0.0344076651007,-0.032253151218,,,,,,,,,,,,,2.0722104104,0.10699579778,-0.135407007677
242,CK03077,0.670282724522,0.0406652946595,-0.0378711545214,,,,,,,,,,,,,1.33509646511,0.0703971424326,-0.0818834562237
243,CK03094,0.500296894216,0.015860421925,-0.0158252869393,,,,,,,,,,,,,4.6349057367,0.644461804001,-0.56521351906
244,CK03102,0.674977380219,0.0274498861161,-0.0262460793016,,,,,,,,,,,,,2.1527444746,0.123483558256,-0.107492572294
245,CK03113,0.645637419448,0.0679227599634,-0.0583796631524,,,,,,,,,,,,,2.09558687711,0.104936283784,-0.108486189115
246,CK03136,0.748354624594,0.0415057913377,-0.0389913576273,,,,,,,,,,,,,1.5386036996,0.0752132951204,-0.0882696423257
247,CK03140,0.0,0.0,-0.0,,,,,,,,,,,,,2.93155876374,0.195761452204,-0.194677460698
248,CK03246,0.710956745911,0.0348723205826,-0.0326426875335,,,,,,,,,,,,,6.42046945125,0.341202732056,-0.426384472069
249,CK03257,0.788667666734,0.033277157926,-0.031745622356,,,,,,,,,,,,,1.71597896151,0.0687658091953,-0.0684877115508
250,CK03263,0.663327599817,0.0264943124615,-0.0252123781702,,,,,,,,,,,,,2.35189446235,0.103230725357,-0.103559798849
251,CK03286,0.611248846945,0.0230486239561,-0.0220426773676,,,,,,,,,,,,,2.8952175881,0.187990208575,-0.181751441512
252,CK03296,0.778576737284,0.0386484102265,-0.0363199900204,,,,,,,,,,,,,2.35938141864,0.125787930483,-0.156002682468
253,CK03298,0.658938215207,0.0280721109206,-0.0267229117069,,,,,,,,,,,,,2.22696050064,0.133276588397,-0.133803351549
254,CK03303,0.691286282231,0.0372743280827,-0.0351090377631,,,,,,,,,,,,,1.57207222023,0.0761588233883,-0.0973475677499
255,CK03311,0.74024882622,0.0438592894547,-0.0409283912199,,,,,,,,,,,,,3.10071307451,0.169257377368,-0.184232391474
256,CK03313,0.739531848354,0.0374837588475,-0.0351751876486,,,,,,,,,,,,,2.1359098553,0.114821817857,-0.142617617615
257,CK03330,0.793046564422,0.0408513897768,-0.0383299903929,,,,,,,,,,,,,1.86538842979,0.101464947218,-0.128135727877
258,CK03334,0.812923312804,0.0283133727738,-0.0271773162152,,,,,,,,,,,,,3.42596346625,0.148140940354,-0.146926367137
259,CK03364,0.726226106209,0.0389863159526,-0.0365781188447,,,,,,,,,,,,,1.93294839095,0.0992094474685,-0.12063095222
260,CK03370,0.698297229283,0.0346283303897,-0.0325349392653,,,,,,,,,,,,,2.0517980426,0.112101808594,-0.17133918096
261,CK03377,0.0,0.0,-0.0,,,,,,,,,,,,,2.13140733726,0.118052918735,-0.119013041535
262,CK03391,0.843393309625,0.0460281299694,-0.0428845378935,,,,,,,,,,,,,2.11098496069,0.109776413826,-0.10813562001
263,CK03412,0.645740279329,0.0333520502657,-0.0311553822106,,,,,,,,,,,,,2.97509540986,0.162962900582,-0.183181902355
264,CK03414,0.707679780795,0.022183225446,-0.0221557236064,,,,,,,,,,,,,4.03009136117,0.378927712377,-0.354898545478
265,CK03444,0.516732270893,0.0158298854644,-0.0158527882208,,,,,,,,,,,,,14.3079887007,1.70423100922,-1.69230398564
266,CK03545,0.811904262318,0.0421364187119,-0.0395768967619,,,,,,,,,,,,,0.88452634705,0.107726468741,-0.253974894975
267,CK03546,0.705431717727,0.0258720102316,-0.0247511348176,,,,,,,,,,,,,,,
268,CK03550,0.876579569811,0.0484080509922,-0.0453492927478,,,,,,,,,,,,,,,
269,CK03587,0.0,0.0,-0.0,,,,,,,,,,,,,,,
270,CK03650,0.930419228992,0.0584655000667,-0.0541340035894,,,,,,,,,,,,,,,
271,CK03744,0.91881869255,0.0538029774649,-0.0503546454927,,,,,,,,,,,,,,,
272,CK03764,0.816842553445,0.0406328529738,-0.0382885886602,,,,,,,,,,,,,,,
273,CK03766,1.03056627661,0.108472946055,-0.0925463982151,,,,,,,,,,,,,,,
274,CK03792,0.795126826186,0.0312609537025,-0.0298797787981,,,,,,,,,,,,,,,
275,CK03794,0.699181273015,0.0283771709799,-0.0271006373826,,,,,,,,,,,,,,,
276,CK03835,0.700810879253,0.0337391727642,-0.0317864093538,,,,,,,,,,,,,,,
277,CK03886,0.0,0.0,-0.0,,,,,,,,,,,,,,,
278,CK03893,0.68240605432,0.0272243914924,-0.026059469145,,,,,,,,,,,,,,,
279,CK03970,0.961395642198,0.038558945244,-0.0367893065617,,,,,,,,,,,,,,,
280,CK03975,0.655603541231,0.0245217269694,-0.0235262355277,,,,,,,,,,,,,,,
281,CK04016,0.666561179213,0.0233380595542,-0.0223949589763,,,,,,,,,,,,,,,
282,CK04036,0.710761603698,0.034585609228,-0.0324076862749,,,,,,,,,,,,,,,
283,CK04050,0.693573466254,0.043222090228,-0.0401982443458,,,,,,,,,,,,,,,
284,CK04051,0.836923635461,0.0412359041871,-0.0389425433965,,,,,,,,,,,,,,,
285,CK04077,0.676007830552,0.0234287444245,-0.0223890083216,,,,,,,,,,,,,,,
286,CK04089,1.16334445615,0.0608886173362,-0.0573193245449,,,,,,,,,,,,,,,
287,CK04097,0.698215720225,0.0238074744691,-0.0228441609035,,,,,,,,,,,,,,,
288,CK04109,0.772855795652,0.0378639024727,-0.0356628366714,,,,,,,,,,,,,,,
289,CK04132,0.0,0.0,-0.0,,,,,,,,,,,,,,,
290,CK04134,0.680334069189,0.0411011010492,-0.0383480237259,,,,,,,,,,,,,,,
291,CK04135,0.721098507015,0.0366707162995,-0.0344460427779,,,,,,,,,,,,,,,
292,CK04207,0.641008727291,0.0238781709721,-0.0228205452579,,,,,,,,,,,,,,,
293,CK04216,0.0,0.0,-0.0,,,,,,,,,,,,,,,
294,CK04238,0.803845074882,0.0295374727826,-0.0284062878908,,,,,,,,,,,,,,,
295,CK04252,0.723772966543,0.0219613393919,-0.0219800766403,,,,,,,,,,,,,,,
296,CK04255,0.698621737007,0.0363211072281,-0.0341080459667,,,,,,,,,,,,,,,
297,CK04266,0.746909109709,0.0901223971615,-0.0754217431852,,,,,,,,,,,,,,,
298,CK04289,0.714508772287,0.0268170568519,-0.0257161085468,,,,,,,,,,,,,,,
299,CK04332,0.759334461737,0.0407407008974,-0.0382186578461,,,,,,,,,,,,,,,
300,CK04334,0.673680957082,0.0390317697124,-0.0364211486122,,,,,,,,,,,,,,,
301,CK04372,0.722866565077,0.0383191035646,-0.0360149716005,,,,,,,,,,,,,,,
302,CK04419,0.565695963096,0.0172215875339,-0.0171912017546,,,,,,,,,,,,,,,
303,CK04444,0.583144023604,0.0185364257411,-0.0185334155561,,,,,,,,,,,,,,,
304,CK04447,0.704707557338,0.0355677370885,-0.0334784163808,,,,,,,,,,,,,,,
305,CK04464,0.636512696113,0.0234432070494,-0.02244781645,,,,,,,,,,,,,,,
306,CK04469,0.737069145519,0.0353834451905,-0.0332452365552,,,,,,,,,,,,,,,
307,CK04493,0.942225950871,0.0497409660441,-0.0466922403402,,,,,,,,,,,,,,,
308,CK04508,1.115508515,0.1283501463,-0.108788608709,,,,,,,,,,,,,,,
309,CK04509,0.68191994377,0.0279914935873,-0.0265672189217,,,,,,,,,,,,,,,
310,CK04517,0.586208198557,0.0239268626721,-0.0227109472767,,,,,,,,,,,,,,,
311,CK04521,0.655570986099,0.0265636676624,-0.0252632705731,,,,,,,,,,,,,,,
312,CK04552,0.755158784642,0.0394801193236,-0.0370563972933,,,,,,,,,,,,,,,
313,CK04594,0.56505369627,0.0173246022847,-0.0173632918157,,,,,,,,,,,,,,,
314,CK04595,0.771872394477,0.0423438556411,-0.0396458546894,,,,,,,,,,,,,,,
315,CK04606,0.68980831181,0.0378386168622,-0.0355025910739,,,,,,,,,,,,,,,
316,CK04650,0.645670540815,0.026390883742,-0.0251815225336,,,,,,,,,,,,,,,
317,CK04672,0.688291990055,0.0395226401346,-0.0368021546909,,,,,,,,,,,,,,,
318,CK04721,0.686311148313,0.0407636593405,-0.0380936356928,,,,,,,,,,,,,,,
319,CK04725,0.73927394555,0.0362883130454,-0.0339492957753,,,,,,,,,,,,,,,
320,CK04735,0.727931162362,0.0359975597988,-0.0338493826144,,,,,,,,,,,,,,,
321,CK04762,0.653260939228,0.0271618047836,-0.0258440396415,,,,,,,,,,,,,,,
322,CK04784,0.696339868163,0.027138142972,-0.0259909151777,,,,,,,,,,,,,,,
323,CK04808,0.62618867511,0.0196899707529,-0.0196559999539,,,,,,,,,,,,,,,
324,CK04809,0.965129581958,0.0408758605755,-0.0389351614953,,,,,,,,,,,,,,,
325,CK04838,0.705082330622,0.025658841526,-0.0245298494668,,,,,,,,,,,,,,,
326,CK04848,0.691577066363,0.0223292871083,-0.0224104594459,,,,,,,,,,,,,,,
327,CK04859,0.690140342186,0.0391912364202,-0.0366829949164,,,,,,,,,,,,,,,
328,CK04862,0.675437883446,0.0249788626594,-0.0239336669259,,,,,,,,,,,,,,,
329,CK04875,0.562325919375,0.0178409189407,-0.0178246067996,,,,,,,,,,,,,,,
330,CK04926,0.699833756146,0.037882489961,-0.035579880976,,,,,,,,,,,,,,,
331,CK04977,0.904273744348,0.0402950506899,-0.0382145727876,,,,,,,,,,,,,,,
332,CK05192,0.740928004634,0.0367349158197,-0.0344902455663,,,,,,,,,,,,,,,
333,CK05387,0.674600250509,0.0253071588031,-0.0241408470109,,,,,,,,,,,,,,,
334,CK05499,0.949205959195,0.0512923384841,-0.0483527852053,,,,,,,,,,,,,,,
335,CK05579,0.657447023239,0.0393936456328,-0.0367190969903,,,,,,,,,,,,,,,
336,CK05628,0.648680432061,0.0374028028247,-0.0349617940536,,,,,,,,,,,,,,,
337,CK05653,0.667545934758,0.0373703188397,-0.0349246945454,,,,,,,,,,,,,,,
338,CK05683,0.812726214321,0.031662511668,-0.0302260357444,,,,,,,,,,,,,,,
339,CK05704,0.780413827804,0.0366835218068,-0.0345798861817,,,,,,,,,,,,,,,
340,CK05826,0.578880299527,0.0189366559451,-0.0190132689521,,,,,,,,,,,,,,,
341,CK05909,0.698891858126,0.0423257624119,-0.0393678620445,,,,,,,,,,,,,,,
342,CK05935,0.703453877274,0.0402831594695,-0.0375402512782,,,,,,,,,,,,,,,
343,CK05965,0.645302230886,0.0368672801568,-0.034558257079,,,,,,,,,,,,,,,
344,CK05971,1.04717656228,0.051121319033,-0.0480482315096,,,,,,,,,,,,,,,
345,CK05974,0.742202919011,0.0364809174791,-0.0341572411849,,,,,,,,,,,,,,,
346,CK06195,0.690853754675,0.0334229299343,-0.0315738009496,,,,,,,,,,,,,,,
347,K00438,0.686398493179,0.0248513358185,-0.0237631532795,,,,,,,,,,,,,3.55805692064,0.158379431615,-0.158674386519
348,K00448,0.669163055203,0.0227981981755,-0.0219216093485,,,,,,,,,,,,,2.66955550803,0.113532770838,-0.120966634209
349,K00458,0.93639363243,0.0434933940869,-0.0411631397869,,,,,,,,,,,,,1.39555638428,0.0913457144106,-0.146701167562
350,K00518,0.706739342363,0.0335546742113,-0.0314923157013,,,,,,,,,,,,,2.91099719225,0.147124638267,-0.164395152943
351,K00701,0.703324502817,0.0333427030852,-0.0313265272748,,,,,,,,,,,,,3.58555102045,0.17365331437,-0.223403342318
352,K00719,0.694006212566,0.0349139097761,-0.0326402531833,,,,,,,,,,,,,5.84451956378,0.330356264994,-0.330845433108
353,K00784,0.512410992749,0.0183430928943,-0.0176364301259,,,,,,,,,,,,,2.40785540833,0.0992159884929,-0.103198931891
354,K00812,0.603424784432,0.0196814385904,-0.0196962681702,,,,,,,,,,,,,3.09958212708,0.256110268761,-0.254280997303
355,K00835,0.771625775962,0.041765865747,-0.039353389303,,,,,,,,,,,,,1.59019597132,0.085685883963,-0.138445214158
356,K00854,0.556740913039,0.017893899188,-0.0178307372018,,,,,,,,,,,,,4.27306748285,0.399602501844,-0.434768142431
357,K00868,0.689475534235,0.0253117661739,-0.0241755584207,,,,,,,,,,,,,2.56535322808,0.126157326447,-0.111039031298
358,K00877,0.634610935446,0.0226428956769,-0.0216929600219,,,,,,,,,,,,,2.9869137389,0.159384253502,-0.152835025478
359,K00886,0.520497523058,0.0163604325254,-0.0163511798678,,,,,,,,,,,,,5.07872461555,0.749493989956,-0.666669336689
360,K00898,0.612383478994,0.0194465590119,-0.0194224811095,,,,,,,,,,,,,3.04870263853,0.235294205159,-0.245444196892
361,K00904,0.681078078788,0.0294499307753,-0.0280606006883,,,,,,,,,,,,,1.80427320459,0.0798764581712,-0.0795758374302
362,K00947,0.512658915117,0.0158821021445,-0.0158640986714,,,,,,,,,,,,,5.84886255628,0.68471312304,-0.673892655091
363,K01078,0.539610226442,0.0169380021884,-0.01693192121,,,,,,,,,,,,,4.42198947153,0.459099898925,-0.448767205881
364,K01298,0.61786468602,0.024888946727,-0.0237891533671,,,,,,,,,,,,,2.35290314278,0.13865018521,-0.142873772359
365,K01408,0.672513426458,0.0239196538644,-0.0228385950522,,,,,,,,,,,,,4.37320938777,0.297109729384,-0.284061266726
366,K01422,0.0,0.0,-0.0,,,,,,,,,,,,,6.19733472149,1.10651433358,-1.0369558519
367,K01430,0.67870523664,0.02590688548,-0.0247108268575,,,,,,,,,,,,,2.25355159125,0.109717189491,-0.111748813234
368,K01466,0.729600684091,0.0489532967843,-0.0454060331693,,,,,,,,,,,,,1.17798833409,0.0614146089693,-0.073484937942
369,K01596,0.765801009763,0.0404355662791,-0.0378340879529,,,,,,,,,,,,,2.00422608907,0.110557351948,-0.112316086161
370,K01611,0.680355356536,0.0244360933566,-0.0234142082023,,,,,,,,,,,,,15.0255018366,0.939486865114,-0.920583588671
371,K01681,0.0,0.0,-0.0,,,,,,,,,,,,,6.09258203304,1.05092668295,-0.988222058475
372,K01772,0.730748899023,0.0297070251655,-0.0283812039841,,,,,,,,,,,,,2.88989082616,0.180803883877,-0.179303591052
373,K01781,0.75281836206,0.0363899204636,-0.0340596698981,,,,,,,,,,,,,6.38696248375,0.347233203078,-0.58270432932
374,K01876,0.639120655472,0.0230687859012,-0.0220607920857,,,,,,,,,,,,,2.83460937427,0.149810677843,-0.140588704389
375,K02184,0.68125064326,0.0364425830983,-0.0340789863928,,,,,,,,,,,,,1.98196466041,0.107261043065,-0.102096408522
376,K02339,0.689595020074,0.036516896493,-0.0342065818886,,,,,,,,,,,,,1.99767357648,0.105869821644,-0.120781778914
377,K02529,0.663374334715,0.0391175916365,-0.0365695984168,,,,,,,,,,,,,1.67892829949,0.0952826301543,-0.096267753409
378,K02626,0.0,0.0,-0.0,,,,,,,,,,,,,7.05608992487,1.35132193055,-1.32557533578
379,K02650,0.639204068897,0.021264418067,-0.0211670763389,,,,,,,,,,,,,2.8792989184,0.229691368038,-0.233178005359
380,K02703,0.699818552963,0.0276008760526,-0.0263133496832,,,,,,,,,,,,,2.1965703479,0.0933629907156,-0.0986741147967
381,K02762,0.755266699422,0.0263894675494,-0.0253318982644,,,,,,,,,,,,,2.30133815381,0.0931278312717,-0.0950198946052
382,K02770,0.689106999499,0.0271566686319,-0.0258681364704,,,,,,,,,,,,,2.30728443747,0.131660004176,-0.121710023399
383,K02828,0.659386281462,0.0376880098596,-0.0353723635398,,,,,,,,,,,,,1.57346297519,0.0892151297038,-0.0895067200642
384,K02933,0.725317980047,0.0344178951106,-0.0325951786997,,,,,,,,,,,,,0.777790987475,0.0991666223217,-0.22744650271
385,K02992,0.614876161356,0.0205300939123,-0.0204145780228,,,,,,,,,,,,,2.80536882963,0.209041734092,-0.201085797713
386,K03034,0.647583935868,0.0204544050724,-0.0204129754956,,,,,,,,,,,,,3.08843857095,0.233763930068,-0.213531753295
387,K03255,0.0,0.0,-0.0,,,,,,,,,,,,,3.45587603205,0.145642141752,-0.152658673024
388,K03282,0.57416566435,0.0188142772912,-0.0188367449177,,,,,,,,,,,,,3.35177779433,0.311102788635,-0.28485849733
389,K03923,0.710431753876,0.0287205722285,-0.0273665911144,,,,,,,,,,,,,,,
390,K04087,0.65232575067,0.020148985537,-0.0201099734623,,,,,,,,,,,,,,,
391,K04356,0.675808228525,0.0389427715692,-0.0363114344753,,,,,,,,,,,,,,,
392,K04427,0.559081786292,0.0176023847282,-0.0175711733105,,,,,,,,,,,,,,,
393,K04622,0.570796207803,0.0177262639134,-0.0177210464933,,,,,,,,,,,,,,,
394,K04742,0.632617402945,0.0219201586109,-0.0210283133917,,,,,,,,,,,,,,,
395,K04745,0.704198417399,0.0424308811608,-0.0395796761166,,,,,,,,,,,,,,,
396,K05574,0.679795397355,0.0282518251188,-0.0269419835036,,,,,,,,,,,,,,,
397,K05689,0.737860397218,0.0442323432758,-0.0413272143609,,,,,,,,,,,,,,,
398,K05749,0.624357053159,0.0336309735327,-0.0315356471129,,,,,,,,,,,,,,,
399,K05966,0.634943538973,0.0236584684448,-0.0226799427171,,,,,,,,,,,,,,,
