obs,id_obs,id_name,id_koi
rj70.1041,rj70.1041,K00005,5
rj70.1045,rj70.1045,K00010,10
rj70.1247,rj70.1247,K00006,6
rj70.1251,rj70.1251,K00008,8
rj72.483,rj72.483,K00017,17
rj72.487,rj72.487,K00018,18
rj72.816,rj72.816,K00020,20
rj72.820,rj72.820,K00022,22
rj74.509,rj74.509,K00007,7
rj74.513,rj74.513,K00041,41
rj74.514,rj74.514,K00041,41
rj74.515,rj74.515,K00041,41
rj74.694,rj74.694,K00063,63
rj74.695,rj74.695,K00064,64
rj76.891,rj76.891,K00148,148
rj76.892,rj76.892,K00148,148
rj76.893,rj76.893,K00148,148
rj76.895,rj76.895,K00148,148
rj76.1081,rj76.1081,K00064,64
rj76.1082,rj76.1082,K00064,64
rj76.1086,rj76.1086,K00007,7
rj76.1087,rj76.1087,K00007,7
rj76.1088,rj76.1088,K00007,7
rj76.1275,rj76.1275,K00069,69
rj76.1276,rj76.1276,K00069,69
rj76.1277,rj76.1277,K00069,69
rj76.1278,rj76.1278,K00069,69
rj76.1282,rj76.1282,K00022,22
rj76.1283,rj76.1283,K00022,22
rj76.1287,rj76.1287,K00020,20
rj76.1288,rj76.1288,K00020,20
rj76.1507,rj76.1507,K00084,84
rj76.1511,rj76.1511,K00103,103
rj76.1683,rj76.1683,K00123,123
rj76.1684,rj76.1684,K00123,123
rj76.1689,rj76.1689,K00072,72
rj76.1868,rj76.1868,K00070,70
rj76.1869,rj76.1869,K00070,70
rj76.1873,rj76.1873,K00122,122
rj76.2079,rj76.2079,K00108,108
rj76.2083,rj76.2083,K00137,137
rj76.2280,rj76.2280,K00098,98
rj76.2281,rj76.2281,K00180,180
rj76.2282,rj76.2282,K00145,145
rj77.874,rj77.874,K00010,10
rj77.875,rj77.875,K00010,10
rj78.130,rj78.130,K00097,97
rj78.131,rj78.131,K00099,99
rj78.422,rj78.422,K00097,97
rj80.772,rj80.772,K00072,72
rj80.773,rj80.773,K00072,72
rj80.774,rj80.774,K00072,72
rj90.90,rj90.90,K00042,42
rj90.784,rj90.784,K00227,227
rj91.152,rj91.152,K00377,377
rj92.118,rj92.118,K00013,13
rj92.147,rj92.147,K00377,377
rj92.152,rj92.152,K00877,877
rj92.153,rj92.153,K00896,896
rj93.114,rj93.114,K00250,250
rj93.117,rj93.117,K00377,377
rj93.298,rj93.298,K00377,377
rj93.303,rj93.303,K00020,20
rj93.1316,rj93.1316,K00377,377
rj93.1495,rj93.1495,K00646,646
rj93.1712,rj93.1712,K00771,771
rj93.1713,rj93.1713,K00962,962
rj95.1302,rj95.1302,K00153,153
rj95.1311,rj95.1311,K00123,123
rj96.89,rj96.89,K00292,292
rj96.93,rj96.93,K00245,245
rj96.94,rj96.94,K00246,246
rj96.95,rj96.95,K00111,111
rj96.580,rj96.580,K00399,399
rj96.774,rj96.774,K00366,366
rj96.775,rj96.775,K00366,366
rj96.776,rj96.776,K00399,399
rj96.782,rj96.782,K00261,261
rj96.992,rj96.992,K00082,82
rj97.124,rj97.124,K00328,328
rj97.294,rj97.294,K00263,263
rj97.298,rj97.298,K00274,274
rj97.302,rj97.302,K00299,299
rj97.479,rj97.479,K00103,103
rj97.500,rj97.500,K00321,321
rj97.677,rj97.677,K00148,148
rj97.1478,rj97.1478,K00070,70
rj97.1482,rj97.1482,K00305,305
rj97.1487,rj97.1487,K00137,137
rj97.2384,rj97.2384,K00104,104
rj97.2389,rj97.2389,K00116,116
rj97.2393,rj97.2393,K00283,283
rj97.2795,rj97.2795,K00972,972
rj97.2796,rj97.2796,K00108,108
rj97.3187,rj97.3187,K00975,975
rj98.97,rj98.97,K00157,157
rj100.71,rj100.71,K00087,87
rj100.72,rj100.72,K00365,365
rj100.73,rj100.73,K00075,75
rj102.105,rj102.105,K00174,174
rj106.174,rj106.174,K00157,157
rj106.478,rj106.478,K00005,5
rj108.65,rj108.65,K01019,1019
rj116.207,rj116.207,K00367,367
rj116.208,rj116.208,K00244,244
rj116.663,rj116.663,CK01299,1299
rj116.664,rj116.664,CK00372,372
rj117.149,rj117.149,CK00976,976
rj117.150,rj117.150,CK00262,262
rj117.151,rj117.151,CK00260,260
rj117.152,rj117.152,CK00977,977
rj117.153,rj117.153,CK00981,981
rj117.154,rj117.154,CK00257,257
rj117.155,rj117.155,CK00269,269
rj117.156,rj117.156,CK00085,85
rj117.157,rj117.157,CK00288,288
rj117.158,rj117.158,CK00280,280
rj117.159,rj117.159,CK00012,12
rj117.160,rj117.160,CK00368,368
rj117.161,rj117.161,CK00271,271
rj117.162,rj117.162,CK00282,282
rj117.163,rj117.163,CK00285,285
rj117.164,rj117.164,CK01221,1221
rj117.165,rj117.165,CK00089,89
rj117.166,rj117.166,CK00092,92
rj117.167,rj117.167,CK00279,279
rj117.168,rj117.168,CK00275,275
rj117.169,rj117.169,CK01283,1283
rj117.170,rj117.170,CK01537,1537
rj117.171,rj117.171,CK00623,623
rj117.172,rj117.172,CK00276,276
rj117.173,rj117.173,CK00277,277
rj117.174,rj117.174,CK01054,1054
rj117.175,rj117.175,CK01316,1316
rj117.176,rj117.176,CK00370,370
rj117.177,rj117.177,CK00281,281
rj117.178,rj117.178,CK00369,369
rj117.179,rj117.179,CK00265,265
rj117.180,rj117.180,CK00302,302
rj117.181,rj117.181,CK01525,1525
rj117.182,rj117.182,CK00297,297
rj117.183,rj117.183,CK00371,371
rj117.424,rj117.424,CK00254,254
rj117.630,rj117.630,CK00254,254
rj117.635,rj117.635,CK00374,374
rj117.636,rj117.636,CK00318,318
rj117.637,rj117.637,CK00295,295
rj117.638,rj117.638,CK00308,308
rj117.639,rj117.639,CK00113,113
rj117.640,rj117.640,CK00117,117
rj117.641,rj117.641,CK00304,304
rj117.642,rj117.642,CK00987,987
rj118.461,rj118.461,CK00258,258
rj118.462,rj118.462,CK00268,268
rj118.463,rj118.463,CK00270,270
rj118.464,rj118.464,CK00303,303
rj118.465,rj118.465,CK00118,118
rj118.466,rj118.466,CK00312,312
rj118.467,rj118.467,CK00323,323
rj118.468,rj118.468,CK00102,102
rj118.469,rj118.469,CK00100,100
rj118.471,rj118.471,CK00373,373
rj118.473,rj118.473,CK00115,115
rj118.474,rj118.474,CK00307,307
rj118.475,rj118.475,CK00317,317
rj118.476,rj118.476,CK01020,1020
rj118.854,rj118.854,CK00315,315
rj118.855,rj118.855,CK00326,326
rj118.856,rj118.856,CK00327,327
rj118.857,rj118.857,CK00635,635
rj118.858,rj118.858,CK00332,332
rj118.859,rj118.859,CK00355,355
rj118.860,rj118.860,CK00719,719
rj118.861,rj118.861,CK00679,679
rj118.862,rj118.862,CK00177,177
rj118.863,rj118.863,CK00343,343
rj118.864,rj118.864,CK00354,354
rj118.865,rj118.865,CK00167,167
rj118.866,rj118.866,CK00384,384
rj118.867,rj118.867,CK00710,710
rj118.868,rj118.868,CK00627,627
rj118.869,rj118.869,CK00379,379
rj118.870,rj118.870,CK00640,640
rj118.871,rj118.871,CK00341,341
rj118.1348,rj118.1348,CK00714,714
rj118.1349,rj118.1349,CK00659,659
rj118.1350,rj118.1350,CK00385,385
rj118.1351,rj118.1351,CK00338,338
rj118.1352,rj118.1352,CK00044,44
rj118.1353,rj118.1353,CK00626,626
rj118.1354,rj118.1354,CK00155,155
rj118.1355,rj118.1355,CK00163,163
rj118.1356,rj118.1356,CK00393,393
rj118.1357,rj118.1357,CK00625,625
rj118.1358,rj118.1358,CK00650,650
rj118.1359,rj118.1359,CK00638,638
rj118.1360,rj118.1360,CK00721,721
rj118.1361,rj118.1361,CK00697,697
rj118.1362,rj118.1362,CK00141,141
rj118.1363,rj118.1363,CK00683,683
rj119.829,rj119.829,K00364,364
rj119.830,rj119.830,K00364,364
rj119.1131,rj119.1131,CK00105,105
rj119.1132,rj119.1132,CK00110,110
rj119.1134,rj119.1134,CK00291,291
rj119.1135,rj119.1135,CK00314,314
rj119.1136,rj119.1136,CK00313,313
rj119.1137,rj119.1137,CK00161,161
rj119.1138,rj119.1138,CK00168,168
rj119.1139,rj119.1139,CK00139,139
rj119.1140,rj119.1140,CK00319,319
rj119.1141,rj119.1141,CK00301,301
rj120.337,rj120.337,K01612,1612
rj120.338,rj120.338,K01612,1612
rj120.339,rj120.339,K01611,1611
rj120.347,rj120.347,CK00294,294
rj120.348,rj120.348,CK01597,1597
rj120.349,rj120.349,CK00107,107
rj120.350,rj120.350,CK00289,289
rj120.351,rj120.351,CK00112,112
rj120.352,rj120.352,CK00296,296
rj120.353,rj120.353,CK00124,124
rj120.354,rj120.354,CK00655,655
rj120.355,rj120.355,CK00360,360
rj120.722,rj120.722,CK00340,340
rj120.723,rj120.723,CK00361,361
rj120.724,rj120.724,CK00142,142
rj120.725,rj120.725,CK00665,665
rj120.726,rj120.726,CK00678,678
rj120.727,rj120.727,CK00375,375
rj120.728,rj120.728,CK00649,649
rj120.729,rj120.729,CK00662,662
rj120.730,rj120.730,CK00345,345
rj120.731,rj120.731,CK00673,673
rj120.732,rj120.732,CK00632,632
rj120.733,rj120.733,CK00703,703
rj120.734,rj120.734,CK00353,353
rj120.735,rj120.735,CK00717,717
rj120.736,rj120.736,CK00350,350
rj120.737,rj120.737,CK00333,333
rj120.738,rj120.738,CK00149,149
rj120.739,rj120.739,CK00344,344
rj120.740,rj120.740,CK00159,159
rj120.741,rj120.741,CK00176,176
rj120.742,rj120.742,CK00695,695
rj120.743,rj120.743,CK00664,664
rj120.744,rj120.744,CK00722,722
rj120.745,rj120.745,CK00331,331
rj120.746,rj120.746,CK00639,639
rj120.747,rj120.747,CK00663,663
rj120.748,rj120.748,CK00346,346
rj120.749,rj120.749,CK00660,660
rj120.921,rj120.921,CK00105,105
rj120.925,rj120.925,CK00647,647
rj120.926,rj120.926,CK00988,988
rj120.927,rj120.927,CK00166,166
rj120.928,rj120.928,CK00387,387
rj120.929,rj120.929,CK00686,686
rj120.930,rj120.930,CK00700,700
rj120.934,rj120.934,CK00991,991
rj120.1126,rj120.1126,CK00349,349
rj120.1127,rj120.1127,CK00624,624
rj120.1128,rj120.1128,CK00680,680
rj120.1129,rj120.1129,CK00388,388
rj120.1130,rj120.1130,CK00692,692
rj120.1132,rj120.1132,CK00144,144
rj120.1133,rj120.1133,CK00049,49
rj120.1134,rj120.1134,CK00704,704
rj120.1135,rj120.1135,CK00171,171
rj120.1136,rj120.1136,CK00712,712
rj120.1137,rj120.1137,CK00666,666
rj120.1138,rj120.1138,CK00701,701
rj121.322,rj121.322,K00084,84
rj122.79,rj122.79,CK01230,1230
rj122.80,rj122.80,CK00975,975
rj122.81,rj122.81,CK00003,3
rj122.82,rj122.82,CK00972,972
rj122.83,rj122.83,CK00042,42
rj122.84,rj122.84,CK00974,974
rj122.85,rj122.85,CK00245,245
rj122.86,rj122.86,CK00069,69
rj122.87,rj122.87,CK00013,13
rj122.88,rj122.88,CK00246,246
rj122.89,rj122.89,CK00364,364
rj122.90,rj122.90,CK01019,1019
rj122.91,rj122.91,CK00261,261
rj122.92,rj122.92,CK00002,2
rj122.93,rj122.93,CK00244,244
rj122.94,rj122.94,CK00075,75
rj122.95,rj122.95,CK00263,263
rj122.97,rj122.97,CK00072,72
rj122.98,rj122.98,CK00041,41
rj122.295,rj122.295,CK01230,1230
rj122.299,rj122.299,CK00716,716
rj122.300,rj122.300,CK00365,365
rj122.301,rj122.301,CK00094,94
rj122.302,rj122.302,CK00004,4
rj122.740,rj122.740,CK00367,367
rj122.741,rj122.741,CK00365,365
rj122.742,rj122.742,CK00001,1
rj122.743,rj122.743,CK00274,274
rj122.749,rj122.749,CK00273,273
rj122.750,rj122.750,CK00082,82
rj122.751,rj122.751,CK00283,283
rj122.759,rj122.759,CK00063,63
rj122.760,rj122.760,CK00984,984
rj122.761,rj122.761,CK00087,87
rj122.762,rj122.762,CK00005,5
rj122.763,rj122.763,CK00366,366
rj122.766,rj122.766,CK00284,284
rj122.767,rj122.767,CK00084,84
rj122.768,rj122.768,CK00098,98
rj122.769,rj122.769,CK00094,94
rj122.770,rj122.770,CK00007,7
rj122.771,rj122.771,CK00108,108
rj122.772,rj122.772,CK00122,122
rj122.773,rj122.773,CK00123,123
rj122.774,rj122.774,CK00070,70
rj122.775,rj122.775,CK00321,321
rj122.776,rj122.776,CK01442,1442
rj122.777,rj122.777,CK00644,644
rj122.778,rj122.778,CK01032,1032
rj122.779,rj122.779,CK01222,1222
rj122.780,rj122.780,CK00103,103
rj122.781,rj122.781,CK00111,111
rj123.81,rj123.81,K00898,898
rj123.82,rj123.82,K00806,806
rj123.85,rj123.85,K00841,841
rj123.86,rj123.86,K00952,952
rj124.128,rj124.128,CK00531,531
rj124.129,rj124.129,CK00671,671
rj124.134,rj124.134,K00085,85
rj124.138,rj124.138,K00122,122
rj124.336,rj124.336,CK01026,1026
rj124.497,rj124.497,CK00172,172
rj124.498,rj124.498,CK00339,339
rj124.499,rj124.499,CK00689,689
rj124.500,rj124.500,CK00046,46
rj124.501,rj124.501,CK00352,352
rj124.502,rj124.502,CK00150,150
rj124.503,rj124.503,CK00670,670
rj124.504,rj124.504,CK00674,674
rj124.505,rj124.505,CK00351,351
rj124.506,rj124.506,CK00356,356
rj125.87,rj125.87,CK01445,1445
rj125.88,rj125.88,CK01463,1463
rj125.89,rj125.89,CK01241,1241
rj125.90,rj125.90,CK01282,1282
rj125.91,rj125.91,CK01162,1162
rj125.92,rj125.92,CK01117,1117
rj125.93,rj125.93,CK01532,1532
rj125.94,rj125.94,K01439,1439
rj125.95,rj125.95,CK01220,1220
rj125.96,rj125.96,CK01474,1474
rj125.97,rj125.97,CK01530,1530
rj125.99,rj125.99,CK01001,1001
rj125.101,rj125.101,CK01535,1535
rj125.102,rj125.102,CK01531,1531
rj125.104,rj125.104,CK01151,1151
rj125.105,rj125.105,CK01215,1215
rj125.106,rj125.106,CK01315,1315
rj125.108,rj125.108,CK01478,1478
rj125.110,rj125.110,CK01536,1536
rj125.111,rj125.111,CK01314,1314
rj125.112,rj125.112,CK01169,1169
rj126.89,rj126.89,K00041,41
rj126.288,rj126.288,K01442,1442
rj127.504,rj127.504,CK00711,711
rj127.505,rj127.505,CK00687,687
rj127.706,rj127.706,CK00500,500
rj127.707,rj127.707,CK01361,1361
rj127.708,rj127.708,CK00698,698
rj127.709,rj127.709,CK00645,645
rj127.710,rj127.710,CK00156,156
rj127.722,rj127.722,CK00676,676
rj127.723,rj127.723,CK01175,1175
rj127.724,rj127.724,CK01150,1150
rj127.725,rj127.725,CK01218,1218
rj127.726,rj127.726,CK01116,1116
rj127.727,rj127.727,CK01401,1401
rj127.728,rj127.728,CK01378,1378
rj127.888,rj127.888,CK00555,555
rj127.889,rj127.889,CK01199,1199
rj127.890,rj127.890,CK00306,306
rj127.891,rj127.891,CK01344,1344
rj128.76,rj128.76,CK00316,316
rj128.77,rj128.77,CK00292,292
rj128.78,rj128.78,CK00116,116
rj128.79,rj128.79,CK00097,97
rj128.80,rj128.80,CK00104,104
rj128.81,rj128.81,CK00299,299
rj128.82,rj128.82,CK00099,99
rj128.83,rj128.83,CK00305,305
rj128.86,rj128.86,K00252,252
rj128.96,rj128.96,CK00165,165
rj128.97,rj128.97,CK00017,17
rj128.477,rj128.477,CK00676,676
rj128.478,rj128.478,CK00684,684
rj128.479,rj128.479,CK00162,162
rj128.489,rj128.489,CK00148,148
rj128.490,rj128.490,CK00180,180
rj128.491,rj128.491,CK00064,64
rj128.492,rj128.492,CK00018,18
rj129.320,rj129.320,CK00707,707
rj129.321,rj129.321,CK01168,1168
rj129.325,rj129.325,CK00720,720
rj129.326,rj129.326,CK00128,128
rj129.327,rj129.327,CK00131,131
rj130.475,rj130.475,CK00022,22
rj130.476,rj130.476,CK00657,657
rj130.482,rj130.482,CK00694,694
rj130.493,rj130.493,CK01010,1010
rj130.494,rj130.494,CK00628,628
rj130.495,rj130.495,CK00685,685
rj130.496,rj130.496,CK00629,629
rj130.497,rj130.497,CK00179,179
rj130.498,rj130.498,CK00718,718
rj130.499,rj130.499,CK01534,1534
rj130.500,rj130.500,CK01379,1379
rj130.501,rj130.501,CK01275,1275
rj130.502,rj130.502,CK01444,1444
rj130.672,rj130.672,CK00693,693
rj130.673,rj130.673,CK00691,691
rj130.690,rj130.690,CK00137,137
rj130.691,rj130.691,CK00330,330
rj130.876,rj130.876,CK00661,661
rj130.877,rj130.877,CK00709,709
rj130.881,rj130.881,CK01311,1311
rj130.882,rj130.882,CK01608,1608
rj130.896,rj130.896,CK00386,386
rj130.897,rj130.897,CK00173,173
rj130.898,rj130.898,CK00633,633
rj130.899,rj130.899,CK00682,682
rj130.900,rj130.900,CK00348,348
rj130.901,rj130.901,CK00337,337
rj130.902,rj130.902,CK00127,127
rj130.903,rj130.903,CK01452,1452
rj130.904,rj130.904,CK01050,1050
rj130.1072,rj130.1072,CK00063,63
rj130.1076,rj130.1076,CK01216,1216
rj130.1077,rj130.1077,CK01236,1236
rj130.1082,rj130.1082,CK00392,392
rj130.1083,rj130.1083,CK01533,1533
rj130.1094,rj130.1094,CK01128,1128
rj130.1095,rj130.1095,CK01412,1412
rj130.1096,rj130.1096,CK01002,1002
rj130.1098,rj130.1098,CK01113,1113
rj130.1099,rj130.1099,CK01375,1375
rj130.1100,rj130.1100,CK01279,1279
rj130.1101,rj130.1101,CK01242,1242
rj130.1104,rj130.1104,CK01353,1353
rj130.1105,rj130.1105,CK00611,611
rj130.1291,rj130.1291,K00365,365
rj130.1295,rj130.1295,K00265,265
rj130.1304,rj130.1304,CK00654,654
rj130.1305,rj130.1305,CK00672,672
rj130.1319,rj130.1319,CK00138,138
rj130.1320,rj130.1320,CK00658,658
rj130.1889,rj130.1889,CK01609,1609
rj130.1890,rj130.1890,CK01576,1576
rj130.2084,rj130.2084,CK01309,1309
rj130.2085,rj130.2085,CK01118,1118
rj130.2086,rj130.2086,CK01148,1148
rj130.2092,rj130.2092,CK01165,1165
rj130.2093,rj130.2093,CK01335,1335
rj130.2094,rj130.2094,CK01308,1308
rj130.2095,rj130.2095,CK01115,1115
rj130.2101,rj130.2101,CK00203,203
rj130.2102,rj130.2102,CK01145,1145
rj130.2280,rj130.2280,CK00135,135
rj130.2281,rj130.2281,CK00151,151
rj130.2287,rj130.2287,CK00708,708
rj130.2288,rj130.2288,CK01606,1606
rj130.2289,rj130.2289,CK01376,1376
rj130.2297,rj130.2297,CK00219,219
rj130.2510,rj130.2510,CK00561,561
rj130.2511,rj130.2511,CK00401,401
rj130.2512,rj130.2512,CK00442,442
rj130.2522,rj130.2522,CK00247,247
rj131.340,rj131.340,CK00214,214
rj131.488,rj131.488,CK01964,1964
rj131.489,rj131.489,CK01962,1962
rj131.490,rj131.490,CK01613,1613
rj131.491,rj131.491,CK01615,1615
rj131.492,rj131.492,CK01616,1616
rj131.493,rj131.493,CK01618,1618
rj131.494,rj131.494,CK01890,1890
rj131.495,rj131.495,CK01619,1619
rj131.496,rj131.496,CK01621,1621
rj131.497,rj131.497,CK01883,1883
rj131.498,rj131.498,CK02149,2149
rj131.499,rj131.499,CK01930,1930
rj131.500,rj131.500,CK01781,1781
rj131.501,rj131.501,CK02169,2169
rj131.503,rj131.503,CK01822,1822
rj131.504,rj131.504,CK01808,1808
rj131.505,rj131.505,CK02287,2287
rj131.506,rj131.506,CK02133,2133
rj131.507,rj131.507,CK01692,1692
rj131.508,rj131.508,CK02311,2311
rj131.509,rj131.509,CK02208,2208
rj131.510,rj131.510,CK01809,1809
rj131.512,rj131.512,CK02029,2029
rj131.513,rj131.513,CK01797,1797
rj131.514,rj131.514,CK02312,2312
rj131.515,rj131.515,CK01628,1628
rj131.692,rj131.692,K00087,87
rj131.696,rj131.696,K00273,273
rj131.700,rj131.700,CK00372,372
rj131.714,rj131.714,CK00439,439
rj131.914,rj131.914,CK00152,152
rj131.1101,rj131.1101,CK00119,119
rj131.1102,rj131.1102,CK01208,1208
rj131.1103,rj131.1103,CK00652,652
rj133.587,rj133.587,CK00961,961
rj133.593,rj133.593,CK00201,201
rj133.594,rj133.594,CK00517,517
rj133.595,rj133.595,CK00197,197
rj134.195,rj134.195,CK01909,1909
rj134.196,rj134.196,CK01961,1961
rj134.197,rj134.197,CK01929,1929
rj134.198,rj134.198,CK01824,1824
rj134.199,rj134.199,CK01715,1715
rj134.200,rj134.200,CK01796,1796
rj134.201,rj134.201,CK02273,2273
rj134.202,rj134.202,CK02173,2173
rj134.203,rj134.203,CK00548,548
rj134.204,rj134.204,CK00490,490
rj134.205,rj134.205,CK00403,403
rj134.206,rj134.206,CK01426,1426
rj134.207,rj134.207,CK01438,1438
rj134.208,rj134.208,CK00550,550
rj134.209,rj134.209,CK01528,1528
rj134.418,rj134.418,CK00479,479
rj134.419,rj134.419,CK00415,415
rj134.420,rj134.420,CK00444,444
rj134.421,rj134.421,CK00486,486
rj134.422,rj134.422,CK00986,986
rj134.423,rj134.423,CK00572,572
rj137.68,rj137.68,CK00237,237
rj137.69,rj137.69,CK00465,465
rj137.203,rj137.203,CK00584,584
rj137.204,rj137.204,CK00579,579
rj137.205,rj137.205,CK00241,241
rj137.206,rj137.206,CK00568,568
rj138.326,rj138.326,K00244,244
rj140.66,rj140.66,CK01102,1102
rj140.67,rj140.67,CK00134,134
rj147.132,rj147.132,CK01474,1474
rj147.133,rj147.133,CK00952,952
rj148.163,rj148.163,CK01925,1925
rj149.191,rj149.191,K00730,730
rj149.192,rj149.192,CK02248,2248
rj149.195,rj149.195,CK00463,463
rj150.125,rj150.125,CK02352,2352
rj150.126,rj150.126,CK01947,1947
rj150.127,rj150.127,CK02463,2463
rj150.141,rj150.141,CK01474,1474
rj150.146,rj150.146,CK01701,1701
rj150.147,rj150.147,CK02276,2276
rj150.148,rj150.148,CK00076,76
rj150.312,rj150.312,CK01924,1924
rj150.313,rj150.313,CK01612,1612
rj150.314,rj150.314,CK02632,2632
rj150.315,rj150.315,CK02462,2462
rj150.316,rj150.316,CK02138,2138
rj150.317,rj150.317,CK01622,1622
rj150.518,rj150.518,CK02087,2087
rj150.519,rj150.519,CK02593,2593
rj150.520,rj150.520,CK02545,2545
rj150.521,rj150.521,CK01800,1800
rj150.522,rj150.522,CK02457,2457
rj150.523,rj150.523,CK02484,2484
rj150.533,rj150.533,CK02272,2272
rj150.534,rj150.534,CK01958,1958
rj150.736,rj150.736,CK02486,2486
rj150.737,rj150.737,CK02148,2148
rj150.752,rj150.752,CK02026,2026
rj150.753,rj150.753,CK01738,1738
rj150.754,rj150.754,CK02002,2002
rj150.755,rj150.755,CK01632,1632
rj150.756,rj150.756,CK01779,1779
rj152.144,rj152.144,CK01913,1913
rj152.145,rj152.145,CK02260,2260
rj152.146,rj152.146,CK02110,2110
rj152.147,rj152.147,CK02075,2075
rj152.148,rj152.148,CK01886,1886
rj152.149,rj152.149,CK02390,2390
rj152.150,rj152.150,CK02072,2072
rj152.292,rj152.292,CK02079,2079
rj152.293,rj152.293,CK02222,2222
rj152.294,rj152.294,CK01878,1878
rj152.295,rj152.295,CK02053,2053
rj152.296,rj152.296,CK02215,2215
rj152.297,rj152.297,CK02370,2370
rj152.298,rj152.298,CK02035,2035
rj152.299,rj152.299,CK02541,2541
rj152.300,rj152.300,CK02332,2332
rj152.301,rj152.301,CK02342,2342
rj152.302,rj152.302,CK01802,1802
rj152.474,rj152.474,CK02083,2083
rj152.475,rj152.475,CK01725,1725
rj152.477,rj152.477,CK02488,2488
rj152.478,rj152.478,CK01826,1826
rj152.479,rj152.479,CK02289,2289
rj152.480,rj152.480,CK01411,1411
rj152.481,rj152.481,CK02623,2623
rj152.482,rj152.482,CK02358,2358
rj152.483,rj152.483,CK01629,1629
rj152.484,rj152.484,CK02135,2135
rj152.485,rj152.485,CK01819,1819
rj152.499,rj152.499,K01924,1924
rj152.500,rj152.500,K01924,1924
rj152.501,rj152.501,K01924,1924
rj152.502,rj152.502,K01925,1925
rj152.503,rj152.503,K01925,1925
rj152.504,rj152.504,K01925,1925
rj152.669,rj152.669,CK01820,1820
rj152.670,rj152.670,CK02408,2408
rj152.671,rj152.671,CK01431,1431
rj152.672,rj152.672,CK02581,2581
rj152.673,rj152.673,CK02585,2585
rj152.674,rj152.674,CK02331,2331
rj152.675,rj152.675,CK02577,2577
rj152.676,rj152.676,CK01854,1854
rj152.677,rj152.677,CK02246,2246
rj152.678,rj152.678,CK02407,2407
rj152.679,rj152.679,CK02503,2503
rj152.685,rj152.685,CK02044,2044
rj152.686,rj152.686,CK02115,2115
rj152.690,rj152.690,K02720,2720
rj152.691,rj152.691,K02720,2720
rj152.692,rj152.692,K02687,2687
rj152.693,rj152.693,K02687,2687
rj152.920,rj152.920,CK00153,153
rj152.921,rj152.921,CK02389,2389
rj152.922,rj152.922,CK02398,2398
rj152.923,rj152.923,CK02414,2414
rj152.924,rj152.924,CK01784,1784
rj152.925,rj152.925,CK01916,1916
rj152.926,rj152.926,CK02481,2481
rj152.927,rj152.927,CK02530,2530
rj152.928,rj152.928,CK01917,1917
rj152.929,rj152.929,CK01271,1271
rj152.930,rj152.930,CK01863,1863
rj152.931,rj152.931,CK02252,2252
rj152.932,rj152.932,CK02582,2582
rj152.933,rj152.933,CK01206,1206
rj152.1111,rj152.1111,CK00010,10
rj152.1112,rj152.1112,CK01937,1937
rj152.1113,rj152.1113,CK01928,1928
rj152.1114,rj152.1114,CK02333,2333
rj152.1115,rj152.1115,CK02153,2153
rj152.1116,rj152.1116,CK02631,2631
rj152.1117,rj152.1117,CK02470,2470
rj152.1118,rj152.1118,CK02561,2561
rj152.1119,rj152.1119,CK01862,1862
rj152.1120,rj152.1120,CK01835,1835
rj152.1275,rj152.1275,CK01803,1803
rj152.1277,rj152.1277,CK01888,1888
rj152.1278,rj152.1278,CK02533,2533
rj152.1279,rj152.1279,CK02608,2608
rj152.1280,rj152.1280,CK01274,1274
rj152.1281,rj152.1281,CK01901,1901
rj152.1282,rj152.1282,CK02004,2004
rj152.1377,rj152.1377,CK02046,2046
rj152.1378,rj152.1378,CK02013,2013
rj152.1379,rj152.1379,CK02010,2010
rj152.1382,rj152.1382,CK01852,1852
rj152.1383,rj152.1383,CK00710,710
rj153.90,rj153.90,CK01843,1843
rj153.93,rj153.93,CK01841,1841
rj153.94,rj153.94,CK02595,2595
rj153.95,rj153.95,CK02640,2640
rj153.96,rj153.96,CK01984,1984
rj153.97,rj153.97,CK02120,2120
rj153.98,rj153.98,CK02522,2522
rj153.99,rj153.99,CK01837,1837
rj153.288,rj153.288,CK01839,1839
rj153.289,rj153.289,CK01989,1989
rj153.290,rj153.290,CK02319,2319
rj153.291,rj153.291,CK01877,1877
rj153.292,rj153.292,CK01985,1985
rj153.319,rj153.319,CK01979,1979
rj153.320,rj153.320,CK00958,958
rj153.321,rj153.321,CK02366,2366
rj153.322,rj153.322,CK01726,1726
rj153.323,rj153.323,CK02158,2158
rj153.324,rj153.324,CK02017,2017
rj153.325,rj153.325,CK02042,2042
rj153.485,rj153.485,CK00612,612
rj153.486,rj153.486,CK00505,505
rj153.487,rj153.487,CK02194,2194
rj153.498,rj153.498,K01781,1781
rj153.499,rj153.499,CK00094,94
rj153.511,rj153.511,CK00248,248
rj153.512,rj153.512,CK00775,775
rj153.513,rj153.513,CK00870,870
rj153.514,rj153.514,CK02001,2001
rj153.515,rj153.515,CK01955,1955
rj153.516,rj153.516,CK01898,1898
rj153.517,rj153.517,CK02159,2159
rj153.518,rj153.518,CK02071,2071
rj153.519,rj153.519,CK02137,2137
rj153.679,rj153.679,CK02300,2300
rj153.680,rj153.680,CK02109,2109
rj153.681,rj153.681,CK02261,2261
rj153.682,rj153.682,CK02202,2202
rj153.683,rj153.683,CK02219,2219
rj153.684,rj153.684,CK02272,2272
rj153.702,rj153.702,CK01812,1812
rj153.703,rj153.703,CK01857,1857
rj153.704,rj153.704,CK02069,2069
rj153.705,rj153.705,CK02033,2033
rj153.706,rj153.706,CK01813,1813
rj153.707,rj153.707,CK00174,174
rj153.879,rj153.879,CK01923,1923
rj153.884,rj153.884,CK02025,2025
rj153.885,rj153.885,CK00232,232
rj153.891,rj153.891,CK02278,2278
rj153.892,rj153.892,CK01980,1980
rj153.893,rj153.893,CK02559,2559
rj153.1287,rj153.1287,CK01818,1818
rj153.1288,rj153.1288,CK01815,1815
rj153.1289,rj153.1289,CK02426,2426
rj153.1290,rj153.1290,CK02440,2440
rj153.1291,rj153.1291,CK02563,2563
rj153.1311,rj153.1311,CK01241,1241
rj153.1318,rj153.1318,CK01655,1655
rj153.1319,rj153.1319,CK01905,1905
rj153.1320,rj153.1320,CK02534,2534
rj153.1321,rj153.1321,CK00409,409
rj153.1322,rj153.1322,CK01932,1932
rj154.47,rj154.47,CK02583,2583
rj154.48,rj154.48,CK02492,2492
rj154.49,rj154.49,CK02201,2201
rj154.50,rj154.50,CK01326,1326
rj154.51,rj154.51,CK01805,1805
rj154.52,rj154.52,CK02281,2281
rj154.65,rj154.65,CK00191,191
rj154.66,rj154.66,CK01894,1894
rj154.67,rj154.67,CK01814,1814
rj154.68,rj154.68,CK02011,2011
rj154.69,rj154.69,CK02367,2367
rj154.70,rj154.70,CK02603,2603
rj154.71,rj154.71,CK02228,2228
rj154.72,rj154.72,CK02272,2272
rj154.73,rj154.73,CK01921,1921
rj154.74,rj154.74,CK01684,1684
rj154.75,rj154.75,CK02175,2175
rj154.76,rj154.76,CK02657,2657
rj154.77,rj154.77,CK02059,2059
rj154.78,rj154.78,CK01121,1121
rj154.79,rj154.79,CK02479,2479
rj154.80,rj154.80,CK02555,2555
rj154.81,rj154.81,CK02303,2303
rj154.302,rj154.302,CK02162,2162
rj154.303,rj154.303,CK01831,1831
rj154.304,rj154.304,CK02527,2527
rj154.305,rj154.305,CK00209,209
rj154.306,rj154.306,CK00457,457
rj154.332,rj154.332,K00245,245
rj154.333,rj154.333,K00245,245
rj154.334,rj154.334,K00245,245
rj154.338,rj154.338,K02169,2169
rj154.344,rj154.344,CK00571,571
rj155.73,rj155.73,CK02831,2831
rj155.74,rj155.74,CK02675,2675
rj155.75,rj155.75,CK02687,2687
rj155.76,rj155.76,CK02737,2737
rj155.82,rj155.82,CK02009,2009
rj155.83,rj155.83,CK02365,2365
rj155.84,rj155.84,CK02641,2641
rj155.85,rj155.85,CK01754,1754
rj155.270,rj155.270,CK02879,2879
rj155.271,rj155.271,CK03227,3227
rj155.272,rj155.272,CK03239,3239
rj155.273,rj155.273,CK03246,3246
rj155.471,rj155.471,CK02538,2538
rj155.472,rj155.472,CK01783,1783
rj155.473,rj155.473,CK02443,2443
rj155.474,rj155.474,CK02105,2105
rj155.475,rj155.475,CK01152,1152
rj156.87,rj156.87,K00321,321
rj156.98,rj156.98,CK01825,1825
rj156.270,rj156.270,CK01152,1152
rj156.277,rj156.277,CK01897,1897
rj156.278,rj156.278,CK01861,1861
rj156.283,rj156.283,CK01557,1557
rj156.284,rj156.284,CK01589,1589
rj156.287,rj156.287,CK01152,1152
rj156.299,rj156.299,CK01152,1152
rj156.300,rj156.300,CK01977,1977
rj156.301,rj156.301,CK02279,2279
rj156.302,rj156.302,CK02040,2040
rj156.303,rj156.303,CK01915,1915
rj156.304,rj156.304,CK02547,2547
rj156.305,rj156.305,CK00238,238
rj156.524,rj156.524,K02931,2931
rj156.525,rj156.525,K01871,1871
rj156.526,rj156.526,CK02038,2038
rj156.527,rj156.527,CK01152,1152
rj156.530,rj156.530,CK00889,889
rj156.531,rj156.531,CK01227,1227
rj156.532,rj156.532,CK01988,1988
rj156.533,rj156.533,CK02556,2556
rj156.668,rj156.668,CK01152,1152
rj156.670,rj156.670,CK01706,1706
rj156.671,rj156.671,CK01647,1647
rj156.781,rj156.781,CK01152,1152
rj156.790,rj156.790,CK00834,834
rj156.791,rj156.791,K00438,438
rj156.792,rj156.792,CK00211,211
rj156.793,rj156.793,CK02049,2049
rj156.794,rj156.794,CK02498,2498
rj156.795,rj156.795,CK01856,1856
rj156.796,rj156.796,CK01850,1850
rj156.797,rj156.797,CK02016,2016
rj156.798,rj156.798,CK02082,2082
rj156.1018,rj156.1018,CK02204,2204
rj156.1367,rj156.1367,CK02672,2672
rj156.1368,rj156.1368,CK02399,2399
rj156.1564,rj156.1564,CK01152,1152
rj156.1568,rj156.1568,CK00168,168
rj156.1766,rj156.1766,K00433,433
rj157.93,rj157.93,K00448,448
rj157.94,rj157.94,CK02548,2548
rj157.101,rj157.101,CK02086,2086
rj157.102,rj157.102,CK01944,1944
rj157.103,rj157.103,CK02047,2047
rj157.104,rj157.104,CK01938,1938
rj157.284,rj157.284,K01430,1430
rj157.285,rj157.285,CK00880,880
rj157.287,rj157.287,CK00688,688
rj157.288,rj157.288,CK01860,1860
rj157.289,rj157.289,CK01665,1665
rj157.290,rj157.290,CK01893,1893
rj157.291,rj157.291,CK02564,2564
rj157.292,rj157.292,CK02143,2143
rj157.514,rj157.514,K00812,812
rj157.688,rj157.688,K02650,2650
rj157.689,rj157.689,CK00907,907
rj157.692,rj157.692,CK01960,1960
rj157.693,rj157.693,CK02335,2335
rj157.694,rj157.694,CK02119,2119
rj157.695,rj157.695,CK00440,440
rj157.696,rj157.696,CK02474,2474
rj157.867,rj157.867,CK01669,1669
rj157.868,rj157.868,CK03156,3156
rj158.68,rj158.68,K02469,2469
rj158.69,rj158.69,CK00935,935
rj158.280,rj158.280,K00854,854
rj158.281,rj158.281,K00947,947
rj158.282,rj158.282,CK00869,869
rj158.283,rj158.283,CK00733,733
rj158.284,rj158.284,K00416,416
rj158.285,rj158.285,K00518,518
rj158.286,rj158.286,K01408,1408
rj158.289,rj158.289,CK03196,3196
rj158.290,rj158.290,CK02711,2711
rj158.291,rj158.291,CK02732,2732
rj158.292,rj158.292,CK02722,2722
rj158.293,rj158.293,CK02714,2714
rj158.294,rj158.294,CK02693,2693
rj158.295,rj158.295,CK01257,1257
rj158.296,rj158.296,CK03162,3162
rj158.297,rj158.297,CK02706,2706
rj158.298,rj158.298,CK03165,3165
rj158.299,rj158.299,CK03168,3168
rj158.300,rj158.300,CK03167,3167
rj158.301,rj158.301,CK03172,3172
rj158.302,rj158.302,CK02801,2801
rj158.303,rj158.303,CK03180,3180
rj158.304,rj158.304,CK03024,3024
rj158.305,rj158.305,CK02712,2712
rj158.306,rj158.306,CK03183,3183
rj158.307,rj158.307,CK02792,2792
rj158.308,rj158.308,CK03181,3181
rj158.309,rj158.309,CK03178,3178
rj158.310,rj158.310,CK03179,3179
rj158.311,rj158.311,CK03194,3194
rj158.312,rj158.312,CK02749,2749
rj158.313,rj158.313,CK03195,3195
rj158.314,rj158.314,CK03184,3184
rj158.315,rj158.315,CK03193,3193
rj158.316,rj158.316,CK03197,3197
rj158.317,rj158.317,CK02752,2752
rj158.318,rj158.318,CK02968,2968
rj158.319,rj158.319,CK03201,3201
rj158.320,rj158.320,CK03208,3208
rj158.321,rj158.321,CK02896,2896
rj158.322,rj158.322,CK03190,3190
rj158.323,rj158.323,CK03202,3202
rj158.324,rj158.324,CK03122,3122
rj158.325,rj158.325,CK03231,3231
rj158.326,rj158.326,CK03214,3214
rj158.327,rj158.327,CK03216,3216
rj158.328,rj158.328,CK03220,3220
rj158.329,rj158.329,CK03236,3236
rj158.330,rj158.330,CK03114,3114
rj158.331,rj158.331,CK02758,2758
rj158.332,rj158.332,CK02833,2833
rj158.333,rj158.333,CK03132,3132
rj158.488,rj158.488,K01739,1739
rj158.489,rj158.489,K01876,1876
rj158.491,rj158.491,K02290,2290
rj158.492,rj158.492,K02339,2339
rj158.493,rj158.493,K02410,2410
rj158.495,rj158.495,CK01060,1060
rj158.496,rj158.496,CK00193,193
rj158.497,rj158.497,CK02678,2678
rj158.498,rj158.498,CK03215,3215
rj158.681,rj158.681,CK03097,3097
rj158.682,rj158.682,CK03008,3008
rj158.683,rj158.683,CK02948,2948
rj158.684,rj158.684,CK03218,3218
rj158.685,rj158.685,CK02914,2914
rj158.686,rj158.686,CK02755,2755
rj158.687,rj158.687,CK03234,3234
rj158.688,rj158.688,CK03240,3240
rj158.689,rj158.689,CK03229,3229
rj158.690,rj158.690,CK03243,3243
rj158.691,rj158.691,CK02717,2717
rj158.692,rj158.692,CK03232,3232
rj158.693,rj158.693,CK03224,3224
rj158.694,rj158.694,CK02803,2803
rj158.695,rj158.695,CK03245,3245
rj158.697,rj158.697,CK03237,3237
rj158.698,rj158.698,CK03225,3225
rj158.699,rj158.699,CK03249,3249
rj158.700,rj158.700,CK03251,3251
rj158.701,rj158.701,CK02961,2961
rj158.702,rj158.702,CK02969,2969
rj158.703,rj158.703,CK02965,2965
rj158.704,rj158.704,CK03254,3254
rj158.706,rj158.706,CK02971,2971
rj158.901,rj158.901,CK03233,3233
rj158.907,rj158.907,CK03248,3248
rj158.908,rj158.908,CK02754,2754
rj158.909,rj158.909,CK02848,2848
rj158.910,rj158.910,CK00939,939
rj158.911,rj158.911,CK01198,1198
rj158.1071,rj158.1071,CK03103,3103
rj158.1177,rj158.1177,K00701,701
rj158.1181,rj158.1181,CK00314,314
rj158.1186,rj158.1186,K01686,1686
rj158.1187,rj158.1187,CK01563,1563
rj158.1188,rj158.1188,CK01567,1567
rj158.1189,rj158.1189,CK01364,1364
rj158.1190,rj158.1190,CK00904,904
rj158.1191,rj158.1191,K02418,2418
rj158.1277,rj158.1277,K02020,2020
rj158.1278,rj158.1278,K00835,835
rj158.1279,rj158.1279,K00881,881
rj158.1281,rj158.1281,CK02904,2904
rj158.1282,rj158.1282,CK03244,3244
rj158.1283,rj158.1283,CK03170,3170
rj158.1284,rj158.1284,CK02970,2970
rj158.1285,rj158.1285,CK02829,2829
rj158.1286,rj158.1286,CK02781,2781
rj158.1287,rj158.1287,CK03083,3083
rj158.1288,rj158.1288,CK03075,3075
rj158.1289,rj158.1289,CK02913,2913
rj158.1290,rj158.1290,CK02864,2864
rj158.1291,rj158.1291,CK03111,3111
rj158.1292,rj158.1292,CK02741,2741
rj158.1293,rj158.1293,CK03211,3211
rj158.1294,rj158.1294,CK02891,2891
rj158.1295,rj158.1295,CK03012,3012
rj158.1296,rj158.1296,CK03087,3087
rj158.1297,rj158.1297,CK03277,3277
rj158.1298,rj158.1298,CK02960,2960
rj158.1299,rj158.1299,CK02984,2984
rj158.1384,rj158.1384,K02626,2626
rj158.1387,rj158.1387,CK01288,1288
rj158.1388,rj158.1388,CK02915,2915
rj158.1389,rj158.1389,CK03403,3403
rj158.1390,rj158.1390,CK03252,3252
rj158.1391,rj158.1391,CK03415,3415
rj158.1392,rj158.1392,CK03015,3015
rj158.1393,rj158.1393,CK02805,2805
rj158.1394,rj158.1394,CK03422,3422
rj158.1395,rj158.1395,CK03384,3384
rj158.1396,rj158.1396,CK02787,2787
rj158.1397,rj158.1397,CK03002,3002
rj158.1398,rj158.1398,CK03023,3023
rj159.80,rj159.80,K01422,1422
rj159.81,rj159.81,K01298,1298
rj159.82,rj159.82,K01596,1596
rj159.92,rj159.92,CK03117,3117
rj159.93,rj159.93,CK02867,2867
rj159.94,rj159.94,CK02979,2979
rj159.95,rj159.95,CK02949,2949
rj159.96,rj159.96,CK03346,3346
rj159.97,rj159.97,CK03128,3128
rj159.98,rj159.98,CK03046,3046
rj159.99,rj159.99,CK03398,3398
rj159.100,rj159.100,CK03020,3020
rj159.101,rj159.101,CK02690,2690
rj159.102,rj159.102,CK02790,2790
rj159.103,rj159.103,CK02925,2925
rj159.104,rj159.104,CK03021,3021
rj159.105,rj159.105,CK02977,2977
rj159.106,rj159.106,CK03017,3017
rj159.272,rj159.272,CK00256,256
rj159.273,rj159.273,CK02674,2674
rj159.274,rj159.274,CK02951,2951
rj159.275,rj159.275,CK03100,3100
rj159.276,rj159.276,CK02838,2838
rj159.277,rj159.277,CK02808,2808
rj159.278,rj159.278,CK02740,2740
rj159.281,rj159.281,CK02753,2753
rj159.282,rj159.282,CK03093,3093
rj159.283,rj159.283,CK02977,2977
rj159.284,rj159.284,CK03310,3310
rj159.285,rj159.285,CK02857,2857
rj159.286,rj159.286,CK02769,2769
rj159.487,rj159.487,CK03199,3199
rj159.488,rj159.488,CK02935,2935
rj159.690,rj159.690,K01078,1078
rj159.691,rj159.691,K01486,1486
rj159.692,rj159.692,K01707,1707
rj159.693,rj159.693,K02048,2048
rj159.694,rj159.694,K02681,2681
rj159.697,rj159.697,CK02885,2885
rj159.698,rj159.698,CK03109,3109
rj159.699,rj159.699,CK02676,2676
rj159.901,rj159.901,K00886,886
rj159.902,rj159.902,K02762,2762
rj159.903,rj159.903,K02770,2770
rj159.904,rj159.904,CK00408,408
rj159.905,rj159.905,CK00435,435
rj159.906,rj159.906,CK00474,474
rj159.911,rj159.911,CK03096,3096
rj159.912,rj159.912,CK03378,3378
rj159.913,rj159.913,CK02869,2869
rj159.914,rj159.914,CK03052,3052
rj159.915,rj159.915,CK02863,2863
rj159.916,rj159.916,CK02974,2974
rj159.917,rj159.917,CK02813,2813
rj159.918,rj159.918,CK03035,3035
rj159.919,rj159.919,CK02906,2906
rj159.920,rj159.920,CK02815,2815
rj159.921,rj159.921,CK02830,2830
rj161.289,rj161.289,K03010,3010
rj161.290,rj161.290,CK00510,510
rj161.291,rj161.291,CK01052,1052
rj161.292,rj161.292,CK01306,1306
rj161.293,rj161.293,CK02943,2943
rj161.294,rj161.294,CK02840,2840
rj161.295,rj161.295,CK02698,2698
rj161.485,rj161.485,CK00351,351
rj161.492,rj161.492,CK01278,1278
rj161.493,rj161.493,CK01432,1432
rj161.494,rj161.494,CK02765,2765
rj161.495,rj161.495,CK02730,2730
rj161.496,rj161.496,CK02743,2743
rj161.497,rj161.497,CK02807,2807
rj161.498,rj161.498,CK02859,2859
rj161.499,rj161.499,CK02729,2729
rj161.500,rj161.500,CK02884,2884
rj161.501,rj161.501,CK02748,2748
rj161.502,rj161.502,CK02964,2964
rj163.263,rj163.263,CK02295,2295
rj163.265,rj163.265,CK03000,3000
rj170.298,rj170.298,CK04533,4533
rj170.303,rj170.303,CK03741,3741
rj170.304,rj170.304,CK03425,3425
rj170.501,rj170.501,CK03284,3284
rj170.520,rj170.520,CK04365,4365
rj170.685,rj170.685,CK04431,4431
rj170.686,rj170.686,CK04032,4032
rj170.687,rj170.687,CK04288,4288
rj170.688,rj170.688,CK03158,3158
rj170.713,rj170.713,CK03681,3681
rj170.714,rj170.714,CK04639,4639
rj170.715,rj170.715,CK04365,4365
rj171.319,rj171.319,CK00969,969
rj172.65,rj172.65,K04742,4742
rj172.66,rj172.66,K04427,4427
rj172.67,rj172.67,K04087,4087
rj172.68,rj172.68,K04005,4005
rj172.69,rj172.69,K03255,3255
rj172.70,rj172.70,K02529,2529
rj172.71,rj172.71,K04622,4622
rj172.72,rj172.72,K04745,4745
rj172.190,rj172.190,K01120,1120
rj172.407,rj172.407,CK00258,258
rj172.408,rj172.408,CK03156,3156
rj172.721,rj172.721,CK00258,258
rj172.722,rj172.722,CK03156,3156
rj172.732,rj172.732,CK04021,4021
rj172.738,rj172.738,CK04396,4396
rj172.905,rj172.905,CK03156,3156
rj172.911,rj172.911,CK00258,258
rj172.1090,rj172.1090,CK03130,3130
rj172.1101,rj172.1101,CK03864,3864
rj172.1102,rj172.1102,CK04368,4368
rj172.1103,rj172.1103,CK03500,3500
rj172.1104,rj172.1104,CK04355,4355
rj172.1106,rj172.1106,CK00258,258
rj172.1107,rj172.1107,CK03156,3156
rj172.1271,rj172.1271,K01120,1120
rj172.1276,rj172.1276,CK04269,4269
rj172.1277,rj172.1277,CK03936,3936
rj172.1278,rj172.1278,CK03156,3156
rj172.1279,rj172.1279,CK00258,258
rj172.1500,rj172.1500,CK03156,3156
rj173.76,rj173.76,CK00258,258
rj173.77,rj173.77,CK03156,3156
rj173.83,rj173.83,CK03338,3338
rj173.84,rj173.84,CK03340,3340
rj173.85,rj173.85,CK04637,4637
rj173.86,rj173.86,CK04407,4407
rj173.87,rj173.87,CK04287,4287
rj173.88,rj173.88,CK02956,2956
rj173.89,rj173.89,CK03203,3203
rj173.90,rj173.90,CK02771,2771
rj173.91,rj173.91,CK04582,4582
rj173.92,rj173.92,CK03209,3209
rj173.93,rj173.93,CK04329,4329
rj173.94,rj173.94,CK03683,3683
rj173.95,rj173.95,CK04399,4399
rj173.96,rj173.96,CK04556,4556
rj173.97,rj173.97,CK03204,3204
rj173.98,rj173.98,CK03908,3908
rj173.99,rj173.99,CK03242,3242
rj173.100,rj173.100,CK03583,3583
rj173.101,rj173.101,CK04318,4318
rj173.102,rj173.102,CK04446,4446
rj173.103,rj173.103,CK03943,3943
rj173.104,rj173.104,CK04276,4276
rj173.105,rj173.105,CK04482,4482
rj173.106,rj173.106,CK03907,3907
rj173.107,rj173.107,CK04157,4157
rj173.108,rj173.108,CK04198,4198
rj173.109,rj173.109,CK03876,3876
rj173.110,rj173.110,CK03528,3528
rj173.111,rj173.111,CK03060,3060
rj173.112,rj173.112,CK03892,3892
rj173.113,rj173.113,CK04004,4004
rj173.114,rj173.114,CK04663,4663
rj173.115,rj173.115,CK04053,4053
rj173.116,rj173.116,CK04037,4037
rj173.117,rj173.117,CK04588,4588
rj173.118,rj173.118,CK04699,4699
rj173.119,rj173.119,CK04152,4152
rj173.225,rj173.225,CK00258,258
rj173.226,rj173.226,CK03156,3156
rj173.227,rj173.227,CK03125,3125
rj173.387,rj173.387,CK00258,258
rj173.388,rj173.388,CK03156,3156
rj173.398,rj173.398,CK00981,981
rj173.414,rj173.414,CK04292,4292
rj173.415,rj173.415,CK04580,4580
rj173.416,rj173.416,CK04887,4887
rj173.591,rj173.591,CK00258,258
rj173.592,rj173.592,CK03156,3156
rj173.779,rj173.779,K00289,289
rj173.791,rj173.791,CK00258,258
rj173.792,rj173.792,CK03156,3156
rj173.986,rj173.986,CK00142,142
rj173.997,rj173.997,CK03456,3456
rj173.999,rj173.999,CK04296,4296
rj173.1192,rj173.1192,CK03608,3608
rj173.1193,rj173.1193,CK03835,3835
rj173.1194,rj173.1194,CK04341,4341
rj173.1195,rj173.1195,CK04331,4331
rj173.1196,rj173.1196,CK04411,4411
rj173.1197,rj173.1197,CK04160,4160
rj173.1198,rj173.1198,CK04653,4653
rj173.1199,rj173.1199,CK04581,4581
rj173.1200,rj173.1200,CK04066,4066
rj173.1201,rj173.1201,CK04302,4302
rj173.1202,rj173.1202,CK04129,4129
rj173.1203,rj173.1203,CK03419,3419
rj173.1204,rj173.1204,CK04423,4423
rj173.1205,rj173.1205,CK04775,4775
rj173.1206,rj173.1206,CK02837,2837
rj173.1391,rj173.1391,CK00258,258
rj173.1392,rj173.1392,CK03156,3156
rj173.1397,rj173.1397,CK04575,4575
rj173.1398,rj173.1398,CK04235,4235
rj173.1399,rj173.1399,CK03946,3946
rj173.1400,rj173.1400,CK03991,3991
rj173.1401,rj173.1401,CK04834,4834
rj173.1402,rj173.1402,CK03557,3557
rj174.80,rj174.80,CK04190,4190
rj174.81,rj174.81,CK04706,4706
rj174.321,rj174.321,CK04634,4634
rj174.322,rj174.322,CK03782,3782
rj174.499,rj174.499,K01439,1439
rj175.87,rj175.87,K01120,1120
rj176.117,rj176.117,K01120,1120
rj176.118,rj176.118,CK04184,4184
rj176.119,rj176.119,CK03573,3573
rj176.120,rj176.120,CK04665,4665
rj176.121,rj176.121,CK04613,4613
rj176.283,rj176.283,CK03497,3497
rj176.284,rj176.284,CK03421,3421
rj176.285,rj176.285,CK03315,3315
rj176.286,rj176.286,CK03875,3875
rj176.287,rj176.287,CK03438,3438
rj176.288,rj176.288,CK03891,3891
rj176.289,rj176.289,CK04601,4601
rj177.97,rj177.97,CK04833,4833
rj177.98,rj177.98,CK03382,3382
rj177.99,rj177.99,CK03363,3363
rj177.100,rj177.100,CK03371,3371
rj177.101,rj177.101,CK02832,2832
rj177.112,rj177.112,K01120,1120
rj177.120,rj177.120,CK03541,3541
rj177.121,rj177.121,CK04614,4614
rj177.122,rj177.122,CK03787,3787
rj177.123,rj177.123,CK03039,3039
rj177.124,rj177.124,CK03496,3496
rj177.301,rj177.301,CK03602,3602
rj177.302,rj177.302,CK04136,4136
rj177.303,rj177.303,CK04230,4230
rj177.304,rj177.304,CK04251,4251
rj177.305,rj177.305,CK03444,3444
rj177.317,rj177.317,CK04212,4212
rj177.318,rj177.318,CK04367,4367
rj178.113,rj178.113,CK04146,4146
rj178.114,rj178.114,CK04400,4400
rj178.115,rj178.115,CK03811,3811
rj178.116,rj178.116,CK04383,4383
rj178.123,rj178.123,CK03161,3161
rj178.124,rj178.124,CK03853,3853
rj178.125,rj178.125,CK03880,3880
rj178.126,rj178.126,CK02590,2590
rj178.127,rj178.127,CK03818,3818
rj178.128,rj178.128,CK03560,3560
rj178.283,rj178.283,K01463,1463
rj178.298,rj178.298,CK04097,4097
rj178.299,rj178.299,CK04443,4443
rj178.300,rj178.300,CK03641,3641
rj178.301,rj178.301,CK02786,2786
rj178.302,rj178.302,CK04457,4457
rj178.306,rj178.306,CK03515,3515
rj178.307,rj178.307,CK04686,4686
rj178.308,rj178.308,CK04409,4409
rj178.309,rj178.309,CK04011,4011
rj178.310,rj178.310,CK03886,3886
rj179.75,rj179.75,K00904,904
rj179.76,rj179.76,K01475,1475
rj179.88,rj179.88,CK03791,3791
rj179.89,rj179.89,CK02686,2686
rj179.90,rj179.90,CK02696,2696
rj179.91,rj179.91,CK02659,2659
rj179.92,rj179.92,CK02007,2007
rj179.93,rj179.93,CK04022,4022
rj179.94,rj179.94,CK04098,4098
rj179.114,rj179.114,CK03890,3890
rj179.115,rj179.115,CK04657,4657
rj179.116,rj179.116,CK04452,4452
rj179.117,rj179.117,CK03503,3503
rj179.118,rj179.118,CK04656,4656
rj179.119,rj179.119,CK04640,4640
rj179.120,rj179.120,CK04774,4774
rj179.121,rj179.121,CK04473,4473
rj179.122,rj179.122,CK04567,4567
rj179.278,rj179.278,K02218,2218
rj179.279,rj179.279,K00841,841
rj179.280,rj179.280,K00509,509
rj179.287,rj179.287,K00245,245
rj179.288,rj179.288,K00245,245
rj179.289,rj179.289,K00245,245
rj179.293,rj179.293,K01431,1431
rj179.297,rj179.297,CK03928,3928
rj179.298,rj179.298,CK04864,4864
rj179.299,rj179.299,CK04693,4693
rj179.300,rj179.300,CK04913,4913
rj179.301,rj179.301,CK04072,4072
rj179.302,rj179.302,CK03436,3436
rj179.303,rj179.303,CK04585,4585
rj179.304,rj179.304,CK04246,4246
rj179.305,rj179.305,CK02372,2372
rj179.306,rj179.306,K00564,564
rj179.322,rj179.322,CK04156,4156
rj179.323,rj179.323,CK04123,4123
rj179.324,rj179.324,CK01639,1639
rj179.325,rj179.325,CK04377,4377
rj179.326,rj179.326,CK04839,4839
rj179.486,rj179.486,CK04871,4871
rj179.487,rj179.487,CK03465,3465
rj179.488,rj179.488,CK01848,1848
rj179.489,rj179.489,CK01864,1864
rj179.490,rj179.490,CK04822,4822
rj179.491,rj179.491,CK04435,4435
rj179.492,rj179.492,CK04674,4674
rj179.493,rj179.493,CK04713,4713
rj179.494,rj179.494,CK04557,4557
rj179.495,rj179.495,CK04024,4024
rj179.496,rj179.496,CK02403,2403
rj179.497,rj179.497,CK03678,3678
rj179.498,rj179.498,CK04881,4881
rj179.499,rj179.499,CK04818,4818
rj179.500,rj179.500,CK01792,1792
rj179.501,rj179.501,CK03871,3871
rj179.502,rj179.502,CK03728,3728
rj179.503,rj179.503,CK02636,2636
rj179.504,rj179.504,CK04716,4716
rj179.505,rj179.505,CK03663,3663
rj179.506,rj179.506,CK04273,4273
rj179.507,rj179.507,CK04421,4421
rj179.508,rj179.508,CK02635,2635
rj179.509,rj179.509,CK04131,4131
rj179.510,rj179.510,CK03783,3783
rj179.519,rj179.519,K01120,1120
rj179.521,rj179.521,CK04546,4546
rj179.522,rj179.522,CK02679,2679
rj179.523,rj179.523,CK04725,4725
rj179.524,rj179.524,CK04323,4323
rj179.525,rj179.525,CK04222,4222
rj179.526,rj179.526,CK03506,3506
rj179.687,rj179.687,CK04057,4057
rj179.688,rj179.688,CK03720,3720
rj179.689,rj179.689,CK04345,4345
rj179.690,rj179.690,CK02081,2081
rj179.691,rj179.691,CK04605,4605
rj179.692,rj179.692,CK01806,1806
rj179.693,rj179.693,CK04298,4298
rj179.694,rj179.694,CK02677,2677
rj179.695,rj179.695,CK04245,4245
rj179.696,rj179.696,CK04505,4505
rj179.697,rj179.697,CK04603,4603
rj179.698,rj179.698,CK04617,4617
rj179.699,rj179.699,CK04014,4014
rj179.700,rj179.700,CK04343,4343
rj179.701,rj179.701,CK04647,4647
rj179.702,rj179.702,CK04659,4659
rj179.703,rj179.703,CK04633,4633
rj179.704,rj179.704,CK04060,4060
rj179.705,rj179.705,CK04744,4744
rj179.706,rj179.706,CK02720,2720
rj179.709,rj179.709,CK02516,2516
rj179.710,rj179.710,CK04188,4188
rj179.711,rj179.711,CK01904,1904
rj179.712,rj179.712,CK04773,4773
rj179.713,rj179.713,CK01174,1174
rj179.714,rj179.714,CK03471,3471
rj179.715,rj179.715,CK03471,3471
rj179.716,rj179.716,CK04301,4301
rj179.717,rj179.717,CK04651,4651
rj179.718,rj179.718,CK04226,4226
rj179.884,rj179.884,CK04907,4907
rj179.885,rj179.885,CK04811,4811
rj179.886,rj179.886,CK04312,4312
rj179.887,rj179.887,CK02098,2098
rj179.888,rj179.888,CK03823,3823
rj179.889,rj179.889,CK04715,4715
rj179.890,rj179.890,CK04771,4771
rj179.891,rj179.891,CK04204,4204
rj179.892,rj179.892,CK04252,4252
rj179.893,rj179.893,CK02733,2733
rj179.894,rj179.894,CK03689,3689
rj179.895,rj179.895,CK03925,3925
rj179.896,rj179.896,CK03358,3358
rj179.897,rj179.897,CK04763,4763
rj179.898,rj179.898,CK04813,4813
rj179.900,rj179.900,CK03451,3451
rj179.901,rj179.901,CK03287,3287
rj179.902,rj179.902,CK03780,3780
rj179.903,rj179.903,CK04062,4062
rj179.904,rj179.904,CK02043,2043
rj179.905,rj179.905,CK02798,2798
rj179.912,rj179.912,CK03473,3473
rj179.913,rj179.913,CK04676,4676
rj179.914,rj179.914,CK04215,4215
rj180.288,rj180.288,CK03527,3527
rj180.289,rj180.289,CK04016,4016
rj180.290,rj180.290,CK02785,2785
rj180.291,rj180.291,CK04304,4304
rj180.292,rj180.292,CK03770,3770
rj180.293,rj180.293,CK04850,4850
rj180.477,rj180.477,CK04335,4335
rj180.478,rj180.478,CK03837,3837
rj180.479,rj180.479,CK04561,4561
rj180.480,rj180.480,CK04829,4829
rj180.481,rj180.481,CK04480,4480
rj180.482,rj180.482,CK03146,3146
rj180.490,rj180.490,CK04892,4892
rj180.491,rj180.491,CK04382,4382
rj180.492,rj180.492,CK04067,4067
rj180.493,rj180.493,CK03288,3288
rj180.497,rj180.497,CK02668,2668
rj180.498,rj180.498,CK03308,3308
rj180.499,rj180.499,CK03301,3301
rj180.500,rj180.500,CK03606,3606
rj180.501,rj180.501,CK03721,3721
rj180.502,rj180.502,CK04792,4792
rj180.503,rj180.503,CK03605,3605
rj180.504,rj180.504,CK03439,3439
rj180.505,rj180.505,CK03474,3474
rj180.506,rj180.506,CK04374,4374
rj180.675,rj180.675,CK02866,2866
rj180.887,rj180.887,CK02072,2072
rj180.888,rj180.888,CK00465,465
rj181.91,rj181.91,CK00266,266
rj181.92,rj181.92,CK01623,1623
rj181.93,rj181.93,CK01792,1792
rj181.94,rj181.94,CK02198,2198
rj181.95,rj181.95,CK02728,2728
rj181.96,rj181.96,CK02072,2072
rj181.97,rj181.97,CK01951,1951
rj181.101,rj181.101,CK04713,4713
rj181.102,rj181.102,CK04813,4813
rj181.103,rj181.103,CK04098,4098
rj181.104,rj181.104,CK00266,266
rj181.105,rj181.105,CK01963,1963
rj181.107,rj181.107,CK01137,1137
rj182.103,rj182.103,CK04462,4462
rj182.104,rj182.104,CK00266,266
rj182.105,rj182.105,CK01623,1623
rj182.106,rj182.106,CK02198,2198
rj182.107,rj182.107,CK02728,2728
rj182.108,rj182.108,CK04257,4257
rj182.381,rj182.381,CK01645,1645
rj182.384,rj182.384,K03278,3278
rj182.403,rj182.403,CK01695,1695
rj182.404,rj182.404,CK01137,1137
rj183.377,rj183.377,CK01963,1963
rj183.378,rj183.378,CK03889,3889
rj183.379,rj183.379,CK04426,4426
rj183.381,rj183.381,CK04441,4441
rj183.383,rj183.383,CK02874,2874
rj183.384,rj183.384,CK02916,2916
rj183.385,rj183.385,CK02875,2875
rj183.390,rj183.390,CK04765,4765
rj183.391,rj183.391,CK04036,4036
rj188.897,rj188.897,CK01169,1169
rj189.709,rj189.709,CK06141,6141
rj189.710,rj189.710,CK05070,5070
rj189.878,rj189.878,CK00475,475
rj189.898,rj189.898,CK00573,573
rj189.1476,rj189.1476,K04199,4199
rj189.1494,rj189.1494,K01300,1300
rj189.1495,rj189.1495,CK00431,431
rj189.1496,rj189.1496,CK00569,569
rj189.1497,rj189.1497,CK00427,427
rj189.1687,rj189.1687,K00157,157
rj189.1694,rj189.1694,K01442,1442
rj189.1701,rj189.1701,CK01221,1221
rj189.2206,rj189.2206,K00433,433
rj189.2207,rj189.2207,CK02039,2039
rj189.2208,rj189.2208,CK00577,577
rj189.2209,rj189.2209,CK01515,1515
rj189.2210,rj189.2210,CK00936,936
rj189.2211,rj189.2211,CK00825,825
rj189.2224,rj189.2224,CK02188,2188
rj189.2369,rj189.2369,CK01436,1436
rj189.2370,rj189.2370,CK00918,918
rj189.2371,rj189.2371,CK00446,446
rj189.2480,rj189.2480,CK00817,817
rj189.2483,rj189.2483,CK02037,2037
rj189.2506,rj189.2506,CK00620,620
rj189.2508,rj189.2508,CK05900,5900
rj189.2509,rj189.2509,CK04469,4469
rj189.2512,rj189.2512,CK00508,508
rj189.2514,rj189.2514,CK06102,6102
rj189.2515,rj189.2515,CK03522,3522
rj190.400,rj190.400,K00600,600
rj190.401,rj190.401,K00868,868
rj190.402,rj190.402,K00902,902
rj190.403,rj190.403,K01209,1209
rj190.405,rj190.405,CK04144,4144
rj190.406,rj190.406,CK02571,2571
rj190.407,rj190.407,CK02466,2466
rj190.408,rj190.408,CK01276,1276
rj190.411,rj190.411,CK00857,857
rj190.591,rj190.591,CK01413,1413
rj190.592,rj190.592,CK02639,2639
rj190.593,rj190.593,CK00759,759
rj190.602,rj190.602,K01356,1356
rj190.603,rj190.603,K01421,1421
rj190.611,rj190.611,CK02612,2612
rj190.612,rj190.612,CK00459,459
rj190.795,rj190.795,CK02369,2369
rj190.796,rj190.796,CK02045,2045
rj190.797,rj190.797,CK02051,2051
rj190.798,rj190.798,CK02521,2521
rj190.799,rj190.799,CK00523,523
rj190.800,rj190.800,CK01889,1889
rj190.801,rj190.801,K01466,1466
rj190.802,rj190.802,K01477,1477
rj190.815,rj190.815,K00262,262
rj190.822,rj190.822,CK04746,4746
rj190.823,rj190.823,CK01666,1666
rj190.824,rj190.824,CK00543,543
rj190.975,rj190.975,CK02111,2111
rj190.976,rj190.976,CK01366,1366
rj190.977,rj190.977,CK02768,2768
rj190.981,rj190.981,K00260,260
rj190.1190,rj190.1190,CK02607,2607
rj191.59,rj191.59,K02184,2184
rj191.60,rj191.60,CK01875,1875
rj191.61,rj191.61,CK00853,853
rj191.68,rj191.68,CK04159,4159
rj191.69,rj191.69,CK04109,4109
rj191.160,rj191.160,CK01360,1360
rj191.161,rj191.161,CK02028,2028
rj191.162,rj191.162,CK01480,1480
rj191.163,rj191.163,K01772,1772
rj191.285,rj191.285,CK00738,738
rj191.286,rj191.286,CK01751,1751
rj191.463,rj191.463,CK04070,4070
rj191.464,rj191.464,CK02517,2517
rj191.465,rj191.465,CK01688,1688
rj191.466,rj191.466,K02828,2828
rj191.469,rj191.469,CK00534,534
rj191.470,rj191.470,CK01161,1161
rj192.268,rj192.268,K00433,433
rj192.269,rj192.269,K02703,2703
rj192.270,rj192.270,K02750,2750
rj192.271,rj192.271,K02841,2841
rj192.272,rj192.272,K02926,2926
rj192.273,rj192.273,K02933,2933
rj192.275,rj192.275,CK04366,4366
rj192.276,rj192.276,CK02306,2306
rj192.281,rj192.281,CK01858,1858
rj192.282,rj192.282,CK01127,1127
rj192.283,rj192.283,CK00899,899
rj192.284,rj192.284,CK00941,941
rj192.287,rj192.287,K03282,3282
rj192.288,rj192.288,CK02433,2433
rj192.289,rj192.289,CK01590,1590
rj192.290,rj192.290,K02992,2992
rj192.291,rj192.291,K03086,3086
rj192.292,rj192.292,CK01089,1089
rj192.293,rj192.293,CK04841,4841
rj192.294,rj192.294,CK03009,3009
rj192.295,rj192.295,CK02597,2597
rj192.296,rj192.296,CK01336,1336
rj192.512,rj192.512,K04717,4717
rj192.513,rj192.513,K04971,4971
rj192.514,rj192.514,K03749,3749
rj192.516,rj192.516,CK01529,1529
rj192.517,rj192.517,CK00757,757
rj192.518,rj192.518,CK00528,528
rj192.519,rj192.519,CK02542,2542
rj192.520,rj192.520,CK03032,3032
rj192.522,rj192.522,CK01428,1428
rj192.523,rj192.523,CK03065,3065
rj192.524,rj192.524,CK00874,874
rj192.525,rj192.525,CK00590,590
rj192.526,rj192.526,CK02422,2422
rj192.528,rj192.528,K03726,3726
rj192.529,rj192.529,K04356,4356
rj192.691,rj192.691,K04103,4103
rj192.692,rj192.692,K04385,4385
rj192.701,rj192.701,CK00864,864
rj192.702,rj192.702,CK01396,1396
rj192.703,rj192.703,CK04002,4002
rj192.704,rj192.704,CK02250,2250
rj192.707,rj192.707,K03923,3923
rj192.708,rj192.708,K03801,3801
rj192.709,rj192.709,CK00756,756
rj192.710,rj192.710,CK02597,2597
rj192.868,rj192.868,CK00574,574
rj192.869,rj192.869,CK01069,1069
rj192.870,rj192.870,CK02168,2168
rj192.873,rj192.873,CK02036,2036
rj193.80,rj193.80,CK01367,1367
rj193.83,rj193.83,CK00456,456
rj193.86,rj193.86,CK03980,3980
rj193.281,rj193.281,CK01363,1363
rj193.282,rj193.282,CK02396,2396
rj193.289,rj193.289,K00277,277
rj193.293,rj193.293,CK00723,723
rj193.294,rj193.294,CK02763,2763
rj193.298,rj193.298,CK02409,2409
rj193.681,rj193.681,K04939,4939
rj193.739,rj193.739,CK02374,2374
rj193.740,rj193.740,CK02756,2756
rj193.741,rj193.741,CK02707,2707
rj193.887,rj193.887,K04941,4941
rj193.888,rj193.888,K04961,4961
rj193.889,rj193.889,K04978,4978
rj193.890,rj193.890,CK04018,4018
rj193.891,rj193.891,CK01338,1338
rj193.897,rj193.897,CK01874,1874
rj193.1071,rj193.1071,K05018,5018
rj193.1072,rj193.1072,K05021,5021
rj193.1073,rj193.1073,K05039,5039
rj193.1075,rj193.1075,CK01978,1978
rj193.1079,rj193.1079,CK04419,4419
rj193.1269,rj193.1269,CK00598,598
rj193.1271,rj193.1271,K05135,5135
rj193.1272,rj193.1272,K05198,5198
rj193.1273,rj193.1273,K05216,5216
rj193.1274,rj193.1274,CK00934,934
rj193.1290,rj193.1290,K05850,5850
rj193.1475,rj193.1475,CK04430,4430
rj193.1476,rj193.1476,CK00954,954
rj193.1477,rj193.1477,K05084,5084
rj193.1478,rj193.1478,K05423,5423
rj193.1479,rj193.1479,K05546,5546
rj193.1486,rj193.1486,K00094,94
rj193.1490,rj193.1490,K05567,5567
rj193.1491,rj193.1491,CK00732,732
rj193.1494,rj193.1494,K05855,5855
rj194.88,rj194.88,K05241,5241
rj194.90,rj194.90,CK02796,2796
rj194.95,rj194.95,K05626,5626
rj194.96,rj194.96,CK03867,3867
rj194.100,rj194.100,K02882,2882
rj194.101,rj194.101,K05837,5837
rj194.287,rj194.287,K01546,1546
rj194.290,rj194.290,K05749,5749
rj194.291,rj194.291,K05790,5790
rj194.292,rj194.292,CK02393,2393
rj194.293,rj194.293,CK03913,3913
rj194.294,rj194.294,K00433,433
rj194.295,rj194.295,K00195,195
rj194.303,rj194.303,K00186,186
rj194.305,rj194.305,CK02694,2694
rj194.306,rj194.306,K05798,5798
rj194.526,rj194.526,K00421,421
rj194.678,rj194.678,CK01239,1239
rj194.679,rj194.679,K05085,5085
rj194.680,rj194.680,K05124,5124
rj194.681,rj194.681,K03278,3278
rj194.693,rj194.693,K00458,458
rj194.694,rj194.694,K05269,5269
rj194.695,rj194.695,CK02742,2742
rj194.696,rj194.696,K05613,5613
rj194.698,rj194.698,K05278,5278
rj194.1085,rj194.1085,K05869,5869
rj194.1086,rj194.1086,K05877,5877
rj194.1087,rj194.1087,K05888,5888
rj194.1088,rj194.1088,CK02093,2093
rj194.1089,rj194.1089,CK04207,4207
rj194.1090,rj194.1090,K00466,466
rj194.1091,rj194.1091,K00760,760
rj194.1095,rj194.1095,K01546,1546
rj194.1293,rj194.1293,K05966,5966
rj194.1296,rj194.1296,CK04268,4268
rj194.1297,rj194.1297,K05159,5159
rj194.1487,rj194.1487,K03680,3680
rj199.88,rj199.88,CK05782,5782
rj199.89,rj199.89,CK05057,5057
rj199.90,rj199.90,CK05379,5379
rj199.91,rj199.91,CK05119,5119
rj199.100,rj199.100,CK05048,5048
rj200.127,rj200.127,CK05461,5461
rj200.132,rj200.132,CK05393,5393
rj200.133,rj200.133,CK05324,5324
rj200.134,rj200.134,CK05107,5107
rj200.135,rj200.135,CK05375,5375
rj201.114,rj201.114,CK01891,1891
rj201.115,rj201.115,CK02236,2236
rj201.116,rj201.116,K03138,3138
rj201.609,rj201.609,CK00884,884
rj201.610,rj201.610,CK01601,1601
rj201.611,rj201.611,K07591,7591
rj201.820,rj201.820,CK01598,1598
rj201.821,rj201.821,CK01332,1332
rj201.822,rj201.822,K07567,7567
rj201.823,rj201.823,K07040,7040
rj201.1046,rj201.1046,CK01945,1945
rj201.1047,rj201.1047,CK01015,1015
rj201.1196,rj201.1196,CK01992,1992
rj201.1197,rj201.1197,CK00872,872
rj201.1198,rj201.1198,CK01940,1940
rj201.1199,rj201.1199,K03283,3283
rj201.1237,rj201.1237,CK01845,1845
rj201.1238,rj201.1238,CK00993,993
rj201.1239,rj201.1239,K07592,7592
rj201.1240,rj201.1240,K04902,4902
rj202.78,rj202.78,CK00519,519
rj202.79,rj202.79,K01126,1126
rj202.99,rj202.99,CK00906,906
rj202.100,rj202.100,K06971,6971
rj202.101,rj202.101,CK00546,546
rj202.102,rj202.102,K06981,6981
rj202.103,rj202.103,CK01832,1832
rj202.104,rj202.104,K06883,6883
rj202.105,rj202.105,K07605,7605
rj202.314,rj202.314,CK02442,2442
rj202.315,rj202.315,CK01952,1952
rj202.316,rj202.316,K03034,3034
rj202.317,rj202.317,K07566,7566
rj202.322,rj202.322,CK00892,892
rj202.520,rj202.520,CK00115,115
rj202.532,rj202.532,K05290,5290
rj202.533,rj202.533,K02012,2012
rj202.534,rj202.534,CK00829,829
rj202.535,rj202.535,CK01713,1713
rj202.706,rj202.706,K05592,5592
rj202.707,rj202.707,K07136,7136
rj202.708,rj202.708,CK00601,601
rj202.709,rj202.709,CK01307,1307
rj202.715,rj202.715,K05645,5645
rj202.716,rj202.716,K07345,7345
rj202.717,rj202.717,K05924,5924
rj202.718,rj202.718,CK01359,1359
rj202.719,rj202.719,CK00837,837
rj202.914,rj202.914,CK00582,582
rj202.915,rj202.915,CK00734,734
rj202.916,rj202.916,CK02073,2073
rj202.917,rj202.917,K06927,6927
rj202.918,rj202.918,K05574,5574
rj202.932,rj202.932,CK02195,2195
rj202.934,rj202.934,CK01163,1163
rj202.1091,rj202.1091,K05702,5702
rj202.1092,rj202.1092,K05612,5612
rj202.1093,rj202.1093,K01581,1581
rj202.1094,rj202.1094,K06759,6759
rj202.1095,rj202.1095,CK02413,2413
rj202.1394,rj202.1394,CK00800,800
rj202.1395,rj202.1395,CK02147,2147
rj202.1396,rj202.1396,K06786,6786
rj202.1811,rj202.1811,CK00749,749
rj202.1812,rj202.1812,CK02554,2554
rj202.1813,rj202.1813,K05929,5929
rj202.1814,rj202.1814,K05155,5155
rj202.2103,rj202.2103,CK01867,1867
rj203.85,rj203.85,K04898,4898
rj203.86,rj203.86,CK01240,1240
rj203.272,rj203.272,CK01305,1305
rj203.273,rj203.273,CK03057,3057
rj203.274,rj203.274,K06384,6384
rj203.275,rj203.275,K05689,5689
rj204.79,rj204.79,CK02167,2167
rj204.80,rj204.80,K02076,2076
rj204.82,rj204.82,K04418,4418
rj204.83,rj204.83,CK00921,921
rj204.98,rj204.98,CK01895,1895
rj204.99,rj204.99,K05625,5625
rj204.284,rj204.284,CK00567,567
rj204.285,rj204.285,K06745,6745
rj204.482,rj204.482,K05706,5706
rj204.483,rj204.483,CK02473,2473
rj204.486,rj204.486,K05247,5247
rj204.487,rj204.487,K05380,5380
rj204.492,rj204.492,K05622,5622
rj204.493,rj204.493,CK00597,597
rj204.854,rj204.854,CK01931,1931
rj204.855,rj204.855,CK00551,551
rj204.963,rj204.963,K06734,6734
rj204.964,rj204.964,K05852,5852
rj204.965,rj204.965,CK01203,1203
rj204.966,rj204.966,CK01270,1270
rj204.967,rj204.967,CK02022,2022
rj205.84,rj205.84,K00072,72
rj205.97,rj205.97,K05932,5932
rj205.98,rj205.98,K05953,5953
rj205.100,rj205.100,CK00464,464
rj205.302,rj205.302,K05284,5284
rj205.303,rj205.303,K05792,5792
rj205.304,rj205.304,CK00752,752
rj205.305,rj205.305,CK02183,2183
rj205.306,rj205.306,CK00736,736
rj206.73,rj206.73,K01483,1483
rj206.74,rj206.74,CK00736,736
rj206.167,rj206.167,CK01970,1970
rj207.71,rj207.71,K07016,7016
rj207.72,rj207.72,K07235,7235
rj207.73,rj207.73,CK01196,1196
rj207.74,rj207.74,CK01301,1301
rj208.101,rj208.101,CK01908,1908
rj208.102,rj208.102,K06425,6425
rj208.304,rj208.304,K01681,1681
rj208.305,rj208.305,CK00481,481
rj208.315,rj208.315,K05228,5228
rj208.316,rj208.316,CK02357,2357
rj208.319,rj208.319,CK02092,2092
rj208.503,rj208.503,K07223,7223
rj209.76,rj209.76,K06676,6676
rj209.300,rj209.300,K07599,7599
rj209.301,rj209.301,CK02220,2220
rj209.302,rj209.302,CK01922,1922
rj209.507,rj209.507,CK00511,511
rj210.101,rj210.101,K01611,1611
rj211.77,rj211.77,K05949,5949
rj211.79,rj211.79,K05236,5236
rj211.294,rj211.294,K00316,316
rj211.299,rj211.299,K04054,4054
rj211.300,rj211.300,CK00520,520
rj212.82,rj212.82,K01611,1611
rj212.84,rj212.84,K01611,1611
rj213.102,rj213.102,K00282,282
rj213.112,rj213.112,K04121,4121
rj213.113,rj213.113,CK00999,999
rj213.116,rj213.116,K02094,2094
rj213.119,rj213.119,CK00102,102
rj214.69,rj214.69,K07179,7179
rj215.92,rj215.92,K07587,7587
rj233.117,rj233.117,K03278,3278
rj233.122,rj233.122,CK00367,367
rj233.274,rj233.274,K03278,3278
rj233.278,rj233.278,CK02672,2672
rj233.1311,rj233.1311,K00377,377
rj233.1509,rj233.1509,K00377,377
rj233.1691,rj233.1691,K00377,377
rj234.103,rj234.103,K00377,377
rj234.1597,rj234.1597,K00377,377
rj236.85,rj236.85,K00377,377
rj236.89,rj236.89,K00377,377
rj236.290,rj236.290,K00377,377
rj237.83,rj237.83,K00377,377
rj237.291,rj237.291,K00377,377
rj237.490,rj237.490,K00377,377
rj237.694,rj237.694,K00377,377
rj238.84,rj238.84,K00377,377
rj238.307,rj238.307,K00377,377
rj240.104,rj240.104,K00377,377
rj240.105,rj240.105,K00377,377
rj240.310,rj240.310,K00377,377
rj240.313,rj240.313,K03278,3278
rj240.505,rj240.505,K00377,377
rj240.506,rj240.506,K00377,377
rj245.109,rj245.109,K03278,3278
rj246.1475,rj246.1475,CK07522,7522
rj253.117,rj253.117,K03278,3278
rj254.80,rj254.80,K03278,3278
rj256.173,rj256.173,K00824,824
rj256.477,rj256.477,K06194,6194
rj258.214,rj258.214,K01894,1894
rj269.86,rj269.86,K05084,5084
rj269.92,rj269.92,K00302,302
rj269.96,rj269.96,K01314,1314
rj270.286,rj270.286,K06194,6194
rj271.96,rj271.96,K02533,2533
rj274.108,rj274.108,K00784,784
rj274.292,rj274.292,K01760,1760
rj274.293,rj274.293,K01873,1873
rj274.297,rj274.297,K01925,1925
rj290.86,rj290.86,CK00309,309
rj290.87,rj290.87,CK05704,5704
rj290.88,rj290.88,CK05974,5974
rj290.89,rj290.89,CK05971,5971
rj290.90,rj290.90,CK03113,3113
rj290.91,rj290.91,CK01048,1048
rj290.92,rj290.92,CK01907,1907
rj290.292,rj290.292,CK01959,1959
rj290.293,rj290.293,CK00610,610
rj290.297,rj290.297,CK00420,420
rj290.298,rj290.298,CK02006,2006
rj290.299,rj290.299,CK00455,455
rj290.300,rj290.300,CK04077,4077
rj290.302,rj290.302,CK03970,3970
rj290.303,rj290.303,CK02783,2783
rj290.304,rj290.304,CK01588,1588
rj290.305,rj290.305,CK04735,4735
rj290.306,rj290.306,CK00222,222
rj290.307,rj290.307,CK04517,4517
rj290.308,rj290.308,CK00251,251
rj290.309,rj290.309,CK03364,3364
rj290.310,rj290.310,CK02836,2836
rj290.479,rj290.479,CK03334,3334
rj290.480,rj290.480,CK03311,3311
rj290.481,rj290.481,CK03546,3546
rj290.482,rj290.482,CK00746,746
rj290.483,rj290.483,CK01484,1484
rj290.484,rj290.484,CK02485,2485
rj290.485,rj290.485,CK02058,2058
rj290.486,rj290.486,CK01266,1266
rj290.676,rj290.676,CK01833,1833
rj290.677,rj290.677,CK00878,878
rj290.678,rj290.678,CK03377,3377
rj290.680,rj290.680,CK01687,1687
rj290.681,rj290.681,CK02604,2604
rj290.682,rj290.682,CK03286,3286
rj290.793,rj290.793,CK02759,2759
rj290.795,rj290.795,CK03286,3286
rj291.98,rj291.98,CK00189,189
rj291.99,rj291.99,CK01082,1082
rj291.100,rj291.100,CK01082,1082
rj291.101,rj291.101,CK00875,875
rj291.106,rj291.106,CK02402,2402
rj291.107,rj291.107,CK01459,1459
rj292.79,rj292.79,CK03794,3794
rj292.80,rj292.80,CK05628,5628
rj292.81,rj292.81,CK01731,1731
rj292.275,rj292.275,CK00496,496
rj292.276,rj292.276,CK02225,2225
rj292.277,rj292.277,CK01880,1880
rj292.278,rj292.278,CK03587,3587
rj292.279,rj292.279,CK04862,4862
rj292.284,rj292.284,CK02957,2957
rj292.285,rj292.285,CK01024,1024
rj292.286,rj292.286,CK01788,1788
rj292.373,rj292.373,CK02519,2519
rj292.374,rj292.374,CK01219,1219
rj292.375,rj292.375,CK02318,2318
rj292.376,rj292.376,CK03313,3313
rj292.377,rj292.377,CK03370,3370
rj292.378,rj292.378,CK02525,2525
rj292.383,rj292.383,CK03412,3412
rj292.384,rj292.384,CK05387,5387
rj292.385,rj292.385,CK03296,3296
rj292.386,rj292.386,CK01780,1780
rj292.387,rj292.387,CK01108,1108
rj292.388,rj292.388,CK04447,4447
rj292.389,rj292.389,CK02031,2031
rj292.572,rj292.572,CK04594,4594
rj292.573,rj292.573,CK01434,1434
rj292.574,rj292.574,CK01838,1838
rj292.583,rj292.583,CK00596,596
rj292.584,rj292.584,CK02124,2124
rj292.585,rj292.585,CK02005,2005
rj292.790,rj292.790,CK02644,2644
rj292.791,rj292.791,CK01967,1967
rj292.792,rj292.792,CK02490,2490
rj292.793,rj292.793,CK04808,4808
rj292.794,rj292.794,CK03094,3094
rj292.805,rj292.805,CK01934,1934
rj292.806,rj292.806,CK04135,4135
rj292.807,rj292.807,CK01390,1390
rj292.808,rj292.808,CK02480,2480
rj292.809,rj292.809,CK00901,901
rj292.810,rj292.810,CK03136,3136
rj292.811,rj292.811,CK04521,4521
rj292.812,rj292.812,CK00740,740
rj292.824,rj292.824,CK00503,503
rj292.825,rj292.825,CK02535,2535
rj292.985,rj292.985,CK02238,2238
rj292.986,rj292.986,CK05192,5192
rj292.987,rj292.987,CK03068,3068
rj292.988,rj292.988,CK02691,2691
rj292.989,rj292.989,CK02713,2713
rj292.1001,rj292.1001,CK01902,1902
rj292.1002,rj292.1002,CK02401,2401
rj292.1006,rj292.1006,CK03140,3140
rj292.1007,rj292.1007,CK02078,2078
rj292.1008,rj292.1008,CK03792,3792
rj293.91,rj293.91,CK02336,2336
rj293.92,rj293.92,CK04859,4859
rj293.93,rj293.93,CK02845,2845
rj293.94,rj293.94,CK04926,4926
rj293.105,rj293.105,CK00430,430
rj293.106,rj293.106,CK02191,2191
rj293.107,rj293.107,CK01716,1716
rj293.108,rj293.108,CK02347,2347
rj293.110,rj293.110,CK04977,4977
rj293.111,rj293.111,CK02570,2570
rj293.112,rj293.112,CK04444,4444
rj293.113,rj293.113,CK02983,2983
rj293.114,rj293.114,CK01569,1569
rj293.115,rj293.115,CK05579,5579
rj293.116,rj293.116,CK02540,2540
rj293.284,rj293.284,CK00494,494
rj293.285,rj293.285,CK02520,2520
rj293.286,rj293.286,CK02497,2497
rj293.287,rj293.287,CK01804,1804
rj293.295,rj293.295,CK01586,1586
rj293.296,rj293.296,CK02553,2553
rj293.297,rj293.297,CK04784,4784
rj293.303,rj293.303,CK03893,3893
rj293.304,rj293.304,CK04132,4132
rj293.305,rj293.305,CK01631,1631
rj293.306,rj293.306,CK02329,2329
rj293.307,rj293.307,CK02130,2130
rj293.308,rj293.308,CK04762,4762
rj293.488,rj293.488,CK05683,5683
rj293.489,rj293.489,CK04509,4509
rj293.490,rj293.490,CK04848,4848
rj293.491,rj293.491,CK01101,1101
rj293.503,rj293.503,CK02901,2901
rj293.504,rj293.504,CK01225,1225
rj293.505,rj293.505,CK04672,4672
rj293.506,rj293.506,CK03303,3303
rj293.507,rj293.507,CK05935,5935
rj293.508,rj293.508,CK02858,2858
rj293.509,rj293.509,CK01104,1104
rj293.510,rj293.510,CK02719,2719
rj293.985,rj293.985,CK02760,2760
rj293.986,rj293.986,CK04289,4289
rj293.987,rj293.987,CK04255,4255
rj293.988,rj293.988,CK01711,1711
rj293.989,rj293.989,CK02902,2902
rj293.990,rj293.990,CK04838,4838
rj293.991,rj293.991,CK00912,912
rj293.1001,rj293.1001,CK00476,476
rj293.1002,rj293.1002,CK01649,1649
rj293.1003,rj293.1003,CK02460,2460
rj293.1004,rj293.1004,CK04552,4552
rj293.1005,rj293.1005,CK00778,778
rj293.1006,rj293.1006,CK04051,4051
rj294.95,rj294.95,CK04089,4089
rj294.96,rj294.96,CK02057,2057
rj294.97,rj294.97,CK03049,3049
rj294.120,rj294.120,CK01076,1076
rj294.121,rj294.121,CK03975,3975
rj294.122,rj294.122,CK04464,4464
rj294.123,rj294.123,CK01973,1973
rj294.391,rj294.391,CK04238,4238
rj294.392,rj294.392,CK02502,2502
rj294.579,rj294.579,CK02543,2543
rj294.580,rj294.580,CK04508,4508
rj294.581,rj294.581,CK04875,4875
rj295.296,rj295.296,CK06195,6195
rj295.297,rj295.297,CK00747,747
rj295.298,rj295.298,CK02247,2247
rj295.299,rj295.299,CK04493,4493
rj295.300,rj295.300,CK00750,750
rj295.301,rj295.301,CK04332,4332
rj295.302,rj295.302,CK03330,3330
rj295.494,rj295.494,CK01461,1461
rj295.495,rj295.495,CK01194,1194
rj295.496,rj295.496,CK02344,2344
rj295.497,rj295.497,CK04809,4809
rj296.86,rj296.86,K00275,275
rj296.91,rj296.91,CK00747,747
rj296.92,rj296.92,CK01461,1461
rj296.93,rj296.93,CK01194,1194
rj296.94,rj296.94,CK02344,2344
rj296.95,rj296.95,CK04809,4809
rj296.96,rj296.96,CK03744,3744
rj296.97,rj296.97,CK01795,1795
rj296.291,rj296.291,K00623,623
rj296.295,rj296.295,CK00956,956
rj296.485,rj296.485,CK00951,951
rj296.492,rj296.492,CK01085,1085
rj296.493,rj296.493,CK01331,1331
rj296.494,rj296.494,CK03257,3257
rj296.495,rj296.495,CK03550,3550
rj296.496,rj296.496,CK02764,2764
rj296.497,rj296.497,CK00950,950
rj296.504,rj296.504,CK04606,4606
rj296.505,rj296.505,CK01403,1403
rj296.506,rj296.506,CK02146,2146
rj296.507,rj296.507,CK00842,842
rj296.667,rj296.667,CK02210,2210
rj296.668,rj296.668,CK01868,1868
rj296.669,rj296.669,CK02146,2146
rj296.670,rj296.670,CK00842,842
rj296.788,rj296.788,CK00982,982
rj296.789,rj296.789,CK02210,2210
rj296.790,rj296.790,CK01868,1868
rj296.795,rj296.795,CK00842,842
rj296.796,rj296.796,CK00811,811
rj296.799,rj296.799,CK03764,3764
rj297.81,rj297.81,K01930,1930
rj297.85,rj297.85,K00319,319
rj297.90,rj297.90,CK02146,2146
rj297.91,rj297.91,CK01393,1393
rj297.92,rj297.92,CK01672,1672
rj297.93,rj297.93,CK03744,3744
rj297.308,rj297.308,CK05499,5499
rj297.309,rj297.309,CK02531,2531
rj297.313,rj297.313,CK01514,1514
rj297.314,rj297.314,CK03414,3414
rj299.89,rj299.89,CK02205,2205
rj299.90,rj299.90,CK02588,2588
rj299.91,rj299.91,CK04372,4372
rj299.99,rj299.99,CK02806,2806
rj299.100,rj299.100,CK05653,5653
rj300.276,rj300.276,CK02090,2090
rj300.277,rj300.277,CK00739,739
rj300.278,rj300.278,CK02847,2847
rj300.279,rj300.279,CK01427,1427
rj301.18,rj301.18,CK04266,4266
rj301.19,rj301.19,CK04595,4595
rj301.20,rj301.20,CK02560,2560
rj301.21,rj301.21,CK02256,2256
rj301.22,rj301.22,CK01501,1501
rj301.23,rj301.23,CK02834,2834
rj302.75,rj302.75,K01909,1909
rj302.82,rj302.82,CK04334,4334
rj302.83,rj302.83,CK02214,2214
rj302.84,rj302.84,CK04721,4721
rj302.85,rj302.85,CK01202,1202
rj302.263,rj302.263,CK01494,1494
rj302.264,rj302.264,CK02751,2751
rj302.265,rj302.265,CK02839,2839
rj302.269,rj302.269,CK00818,818
rj302.463,rj302.463,K03083,3083
rj302.468,rj302.468,CK03545,3545
rj302.469,rj302.469,CK02708,2708
rj303.46,rj303.46,K01790,1790
rj303.47,rj303.47,CK05826,5826
rj303.48,rj303.48,CK03391,3391
rj303.50,rj303.50,CK02883,2883
rj304.71,rj304.71,CK01552,1552
rj304.72,rj304.72,CK03650,3650
rj304.73,rj304.73,CK04650,4650
rj304.74,rj304.74,CK01510,1510
rj304.177,rj304.177,K02133,2133
rj304.181,rj304.181,CK02736,2736
rj304.182,rj304.182,CK01404,1404
rj304.183,rj304.183,CK02835,2835
rj304.184,rj304.184,CK02126,2126
rj304.185,rj304.185,CK00781,781
rj304.186,rj304.186,CK02266,2266
rj305.74,rj305.74,K03681,3681
rj305.78,rj305.78,CK05965,5965
rj305.79,rj305.79,CK03298,3298
rj305.80,rj305.80,CK03263,3263
rj305.81,rj305.81,CK01141,1141
rj305.376,rj305.376,K01692,1692
rj305.380,rj305.380,CK03077,3077
rj305.381,rj305.381,CK01584,1584
rj305.382,rj305.382,CK04050,4050
rj305.383,rj305.383,CK01879,1879
rj305.384,rj305.384,CK01006,1006
rj305.385,rj305.385,CK04134,4134
rj305.564,rj305.564,CK03102,3102
rj305.565,rj305.565,CK05909,5909
rj305.980,rj305.980,K00719,719
rj305.987,rj305.987,CK04216,4216
rj305.988,rj305.988,CK03766,3766
rj305.1472,rj305.1472,CK02355,2355
rj305.1476,rj305.1476,K00281,281
rj305.1672,rj305.1672,K00285,285
rj307.81,rj307.81,K00824,824
rj330.100,rj330.100,K00855,855
rj330.282,rj330.282,CK06860,6860
rj330.283,rj330.283,CK05341,5341
rj330.285,rj330.285,CK00249,249
rj330.286,rj330.286,CK05663,5663
rj330.287,rj330.287,CK05833,5833
rj330.296,rj330.296,CK07375,7375
rj330.297,rj330.297,CK04069,4069
rj330.298,rj330.298,CK02101,2101
rj331.292,rj331.292,CK02114,2114
rj331.294,rj331.294,CK00255,255
rj331.295,rj331.295,CK01424,1424
rj331.296,rj331.296,CK05708,5708
rj331.297,rj331.297,CK07923,7923
rj332.87,rj332.87,CK06299,6299
rj332.88,rj332.88,CK00443,443
rj332.89,rj332.89,CK02811,2811
rj332.90,rj332.90,CK02298,2298
rj332.91,rj332.91,CK00160,160
rj332.92,rj332.92,CK08061,8061
rj332.190,rj332.190,CK00182,182
rj333.21,rj333.21,CK06166,6166
rj333.22,rj333.22,CK03469,3469
rj333.23,rj333.23,CK01245,1245
rj333.27,rj333.27,K00370,370
rj333.306,rj333.306,CK06246,6246
rj333.307,rj333.307,CK05597,5597
rj333.308,rj333.308,CK00125,125
rj333.314,rj333.314,K00295,295
rj333.321,rj333.321,CK01397,1397
rj333.323,rj333.323,CK02700,2700
rj333.504,rj333.504,K03179,3179
rj333.508,rj333.508,CK02060,2060
rj333.509,rj333.509,CK03266,3266
rj333.510,rj333.510,CK02223,2223
rj333.513,rj333.513,CK01702,1702
rj333.514,rj333.514,CK01671,1671
rj333.515,rj333.515,CK01140,1140
rj333.516,rj333.516,CK03878,3878
rj333.517,rj333.517,CK07073,7073
rj333.518,rj333.518,CK01075,1075
rj333.519,rj333.519,CK05475,5475
rj333.684,rj333.684,CK00253,253
rj333.685,rj333.685,CK01146,1146
rj333.686,rj333.686,CK06863,6863
rj333.693,rj333.693,K02732,2732
rj333.694,rj333.694,K02732,2732
rj333.702,rj333.702,CK01358,1358
rj333.703,rj333.703,CK04928,4928
rj333.989,rj333.989,CK03478,3478
rj333.994,rj333.994,K00855,855
rj333.998,rj333.998,CK01658,1658
rj333.999,rj333.999,CK04380,4380
rj333.1000,rj333.1000,CK00130,130
rj333.1001,rj333.1001,CK04778,4778
rj334.91,rj334.91,CK02193,2193
rj334.99,rj334.99,CK03145,3145
rj334.100,rj334.100,CK00396,396
rj334.105,rj334.105,CK02551,2551
rj334.292,rj334.292,CK02663,2663
rj334.293,rj334.293,CK01176,1176
rj334.294,rj334.294,CK04208,4208
rj334.295,rj334.295,CK01014,1014
rj334.296,rj334.296,CK00883,883
rj334.297,rj334.297,CK01420,1420
rj335.285,rj335.285,CK02156,2156
